"VNUM","Sub-feature","small crater?","NB","W*_T from","d [km]","h [km]","H [km]","W* [km]","C [dimless]","ave. ei [dimless]","T [dimless]","sv"
211003,0,,,0,17.700,0.325,0.350,26.850,0.590,,0.330,
211004,0,,,0,10.500,0.204,0.650,20.250,0.650,,0.259,
211004,1,,,0,3.750,0.367,0.167,4.375,0.500,,0.429,
211004,1,,,0,2.950,0.265,0.070,2.475,0.410,,0.596,
211020,0,1,4,1,0.500,0.265,1.110,4.375,0.670,1.220,0.333,7
211030,0,0,4,1,,,0.750,3.875,,2.100,0.106,7
211040,0,0,4,1,0.350,0.075,0.890,1.900,0.370,1.520,0.193,2
211041,0,0,4,1,,,0.400,1.085,,1.880,0.179,0
211042,0,0,4,1,,,0.580,3.605,,1.770,0.341,10
211050,1,0,4,1,,,0.480,2.530,,2.070,0.762,6
211050,0,,,0,2.675,0.100,1.750,12.338,0.660,,0.108,
211050,0,,1,0,3.600,0.175,1.525,12.300,0.600,,0.146,
211060,0,0,1,1,0.500,0.100,3.080,12.050,0.690,1.620,0.029,16
211071,0,0,4,1,,,0.820,5.150,0.640,1.880,0.438,9
212030,0,0,4,1,,,0.730,4.490,,2.330,0.193,14
212040,0,,,0,10.500,0.600,0.700,15.250,0.320,,0.344,
212050,0,0,4,1,3.740,0.290,0.680,3.600,0.760,1.530,0.519,0
213002,0,0,4,1,,,2.110,6.850,,2.150,0.308,10
213010,0,0,4,1,,,2.430,8.950,,2.080,0.021,44
213011,0,0,1,1,,,0.950,14.700,,2.510,0.210,27
213020,0,0,4,1,7.740,0.530,1.470,6.950,0.530,,0.558,5
213030,0,0,4,1,1.160,0.270,1.220,8.000,,1.760,0.122,4
213040,0,0,4,1,,,3.430,10.050,,1.650,0.105,14
214010,0,0,4,1,,,2.050,4.150,,1.690,0.219,4
214020,0,0,1,1,,,4.030,13.500,,3.870,0.273,54
214060,0,0,4,1,,,2.460,15.800,,2.350,0.070,21
221010,0,0,4,1,,,0.220,1.320,,1.310,0.616,0
221020,1,0,4,1,,,0.180,2.105,,3.440,0.481,6
221021,0,0,4,1,,,0.600,5.650,,2.090,0.152,21
221022,0,0,4,1,,,0.390,4.745,,3.920,0.327,22
221030,0,0,1,1,,,0.710,4.790,,2.920,0.280,19
221040,0,0,4,1,2.300,0.100,0.780,2.850,0.450,1.770,0.700,8
221050,0,1,4,1,,,0.360,1.585,,1.410,0.347,0
221071,0,0,4,1,,,0.580,3.440,,1.580,0.051,6
221080,0,1,1,1,1.150,0.050,0.380,4.950,0.190,2.030,0.125,3
221090,0,1,4,1,0.600,0.100,0.920,3.645,0.330,1.260,0.203,0
221091,0,0,1,1,,,0.320,2.530,,1.450,0.425,3
221100,0,0,4,1,,,0.780,2.100,,1.860,0.396,0
221101,0,0,4,1,6.940,0.340,1.520,8.100,0.530,,0.428,14
221102,0,0,4,1,5.490,0.380,0.720,4.345,0.650,,0.632,2
221103,0,0,4,1,1.160,0.130,0.930,2.410,0.640,1.150,0.240,0
221104,0,0,4,1,,,1.220,7.700,,1.820,0.213,13
221105,0,0,1,1,3.020,0.360,0.410,3.930,0.620,,0.383,0
221107,0,1,4,1,,,0.840,2.505,,1.340,0.226,0
221110,0,0,4,1,,,1.110,4.765,,1.720,0.333,2
221111,0,0,4,1,2.380,0.230,1.180,5.700,0.490,1.450,0.477,5
221112,0,1,4,1,,,1.110,9.300,,1.650,0.208,6
221113,0,0,4,1,,,0.990,7.450,,1.590,0.240,10
221115,0,0,1,1,,,0.120,1.925,,1.350,0.362,0
221120,0,0,1,1,,,0.220,3.520,,1.220,0.164,0
221123,0,0,4,1,,,1.530,6.450,,2.370,0.336,15
221141,0,0,4,1,2.060,0.250,0.640,5.800,0.690,1.270,0.380,7
221150,0,0,4,1,,,0.870,3.505,,1.770,0.078,5
221151,0,0,4,1,,,0.840,3.980,,2.140,0.300,5
221160,0,0,4,1,,,1.490,3.965,,1.360,0.068,2
221170,0,0,4,1,3.740,0.470,0.730,4.665,0.520,1.570,0.401,2
221180,0,0,4,1,,,0.390,3.530,,1.920,0.341,16
221190,0,0,4,1,3.480,0.310,1.000,5.650,0.370,1.750,0.308,0
221200,0,,,0,6.200,0.190,0.315,10.750,0.470,,0.288,
221210,1,0,4,1,,,0.620,1.665,,1.680,0.094,0
221210,1,0,4,1,,,0.840,3.710,,1.640,0.185,0
221230,0,,1,0,8.500,0.160,0.280,9.250,0.460,,0.459,
221240,1,,,0,1.550,0.125,0.350,3.000,0.550,,0.258,
221270,0,0,4,1,,,0.690,5.800,,3.130,0.297,17
221280,0,,1,0,17.500,0.400,0.150,17.750,0.490,,0.493,
221290,0,,1,0,15.000,0.210,0.260,17.500,0.450,,0.429,
222020,0,0,4,1,,,0.410,3.445,,2.730,0.141,12
222021,0,0,1,1,,,1.080,22.200,,2.600,0.028,107
222030,0,0,1,0,3.220,0.125,0.600,9.110,0.620,1.830,0.177,24
222040,0,0,4,1,,,0.470,2.525,,1.700,0.356,4
222051,0,0,1,1,4.100,0.075,0.840,7.600,0.580,1.910,0.345,16
222052,0,0,1,1,6.170,0.340,0.700,7.800,0.420,1.480,0.396,8
222053,0,0,4,1,1.620,0.090,0.620,4.015,,1.980,0.201,3
222054,0,0,4,1,,,0.470,3.965,,2.050,0.544,14
222055,0,0,4,1,,,0.130,1.160,,1.960,0.471,2
222056,0,0,1,1,,,1.050,6.750,,2.090,0.146,29
222060,0,,1,0,10.000,0.150,0.200,12.500,0.410,,0.400,
222070,0,0,1,1,,,0.550,3.310,,1.680,0.240,4
222080,0,0,1,1,,,0.790,4.305,,2.040,0.117,11
222100,0,0,4,1,1.830,0.180,0.760,3.630,0.510,1.480,0.251,0
222110,0,0,4,1,5.300,0.380,0.790,8.150,0.420,1.270,0.325,8
222120,0,0,4,1,0.600,0.150,1.800,3.660,0.560,1.270,0.122,2
222160,0,0,4,1,0.206,0.047,2.890,8.550,0.470,2.180,0.023,11
222160,1,,1,0,2.700,0.150,0.400,6.350,0.500,,0.213,11
222164,0,,,0,3.250,0.375,1.000,9.525,0.540,,0.171,
222166,0,0,4,1,4.350,0.150,1.490,6.600,0.510,1.970,0.409,14
222170,0,1,4,1,1.000,0.035,0.670,2.800,0.550,1.440,0.365,3
223020,0,0,4,1,2.040,0.140,1.080,6.350,0.750,1.240,0.160,7
223030,0,0,4,1,1.240,0.220,1.680,5.450,0.740,1.660,0.156,11
223040,0,0,4,1,0.375,0.050,2.030,6.400,0.250,1.590,0.301,4
223050,0,1,4,1,,,1.040,1.840,,1.250,0.237,0
223060,0,0,4,1,,,1.690,2.725,,1.310,0.049,0
224002,0,0,4,1,5.350,0.770,2.260,11.200,0.680,,0.239,16
224003,0,0,4,1,1.400,0.130,2.010,9.850,0.680,1.440,0.154,12
224004,0,0,4,1,,,2.990,18.100,,2.130,0.193,39
224010,0,0,1,1,,,4.020,18.250,,2.050,0.247,29
225010,0,0,4,1,,,1.210,4.015,,1.400,0.046,2
225020,0,0,4,1,16.300,0.470,1.160,14.850,0.600,,0.550,58
225021,0,0,4,1,12.200,0.570,2.280,22.950,0.620,,0.265,31
225030,0,,1,0,8.000,0.750,1.750,30.000,0.500,,0.133,
232001,0,0,1,1,,,1.840,19.050,,3.170,0.265,230
232002,0,0,4,1,,,2.100,5.150,,2.560,0.347,8
232010,0,0,4,1,0.275,0.030,3.440,5.450,0.590,1.350,0.043,0
232030,0,0,4,1,,,1.680,5.600,,1.670,0.067,9
232050,0,0,4,1,,,1.530,4.865,,1.770,0.143,13
233001,0,0,4,1,,,1.070,10.250,,2.710,0.194,37
233010,0,0,4,1,2.740,0.350,2.350,13.850,0.380,1.740,0.138,12
233020,0,0,5,1,0.850,0.100,2.610,15.900,0.480,2.260,0.232,39
234001,0,0,4,1,1.175,0.100,0.850,4.090,0.450,1.160,0.601,3
234002,0,,1,0,1.600,0.307,1.250,15.800,0.750,,0.051,
234010,0,0,4,1,,,2.720,9.550,,1.750,0.210,10
234030,0,0,4,1,,,1.040,6.250,,3.240,0.737,24
234040,0,0,4,1,,,0.890,6.900,,2.770,0.399,26
234050,0,0,4,1,,,0.840,4.595,,1.730,0.189,7
234060,0,0,4,1,,,0.650,3.875,,1.790,0.239,11
234070,0,0,4,1,,,1.220,9.400,,2.560,0.120,27
241021,0,0,4,1,2.780,0.150,0.340,2.230,0.630,,0.625,0
241030,0,0,1,1,0.300,0.050,1.810,4.835,0.160,1.320,0.045,2
241040,0,0,4,1,,,0.290,1.160,0.500,2.520,0.187,1
241080,0,0,1,1,1.070,0.100,1.690,7.500,0.740,2.510,0.296,21
241100,0,0,4,1,,,1.720,7.950,0.480,1.790,0.133,10
242030,0,0,4,1,2.840,0.310,0.500,3.145,0.350,2.890,0.452,2
243060,0,,,0,5.300,0.500,2.100,15.650,0.630,,0.169,
243061,0,0,4,1,,,1.010,1.945,,1.480,0.096,0
243090,0,0,4,1,,,0.480,2.405,,1.590,0.074,0
243100,0,0,4,1,,,0.190,1.085,,1.720,0.343,2
243101,0,0,4,1,,,0.540,1.050,,1.480,0.119,0
243110,0,0,4,1,5.260,0.160,0.210,4.090,0.650,1.290,0.643,0
244001,0,0,4,1,,,0.940,3.700,,2.160,0.427,2
244030,0,0,4,1,,,1.140,19.100,,5.230,0.072,98
244040,0,0,4,1,,,1.850,22.950,,2.610,0.180,82
244050,0,1,4,1,,,0.150,4.790,,2.020,0.494,7
245010,0,0,4,1,,,1.200,10.650,,4.070,0.377,30
250010,0,0,4,1,,,0.220,2.460,,1.690,0.175,3
250020,0,0,4,1,0.860,0.070,0.250,2.170,,1.290,0.199,2
251001,0,1,4,1,,,0.380,1.440,,1.910,0.392,2
251010,0,0,4,1,,,0.630,1.560,,1.410,0.185,2
251020,0,0,4,1,,,1.750,5.150,,1.360,0.031,0
251030,0,0,4,1,5.460,0.410,1.810,11.350,,1.520,0.390,10
251050,0,0,4,1,11.900,0.360,1.270,11.350,0.540,1.600,0.525,17
251060,1,0,4,1,0.790,0.120,1.050,2.685,,1.940,0.295,2
251080,0,0,4,1,1.160,0.180,0.950,3.670,0.710,1.330,0.338,3
252010,0,0,4,1,,,1.610,4.175,,1.980,0.139,7
252030,0,,,0,5.750,0.300,1.775,12.875,0.720,,0.223,
252040,0,,,0,10.600,0.420,1.100,25.300,0.590,,0.209,
252050,0,0,4,1,,,1.070,2.145,,1.270,0.095,0
252070,0,0,4,1,,,0.970,4.845,,2.390,0.476,9
252071,0,0,4,1,,,0.780,2.285,,1.480,0.084,2
252080,0,,,0,7.000,0.150,0.200,10.500,0.500,,0.333,
252090,0,0,4,1,,,0.590,3.395,,2.160,0.560,6
252100,0,1,4,1,,,0.760,2.045,,1.240,0.214,0
252110,0,0,4,1,,,1.790,4.695,,1.440,0.053,4
252120,0,0,4,1,0.400,0.080,2.070,5.850,0.520,1.340,0.036,6
252140,0,,1,0,12.300,0.350,0.370,17.150,0.430,,0.359,
253010,0,0,1,1,1.200,0.550,1.140,4.560,0.520,1.820,0.159,29
253030,0,0,4,1,,,1.510,5.350,,1.770,0.187,13
254010,0,0,4,1,,,0.710,5.150,,5.850,0.418,20
254020,0,0,4,1,,,0.490,4.915,,1.790,0.733,28
255010,0,0,1,1,,,2.500,9.850,,2.130,0.134,27
255011,0,0,4,1,2.590,0.650,0.850,2.790,0.440,,0.465,2
255020,0,0,4,1,,,1.550,2.815,,1.260,0.057,2
255021,0,0,4,1,,,1.770,4.485,,2.480,0.355,8
255030,0,0,1,1,,,1.220,3.695,,1.730,0.059,11
255050,0,0,4,1,,,0.330,1.500,,2.740,0.600,4
255070,0,1,4,1,,,0.460,3.115,,1.570,0.353,12
256010,0,0,4,1,,,0.790,1.560,,1.330,0.141,0
257001,0,0,4,1,,,0.420,3.165,,3.820,0.229,6
257010,0,0,1,1,,,0.480,3.110,,1.890,0.221,8
257020,0,0,4,1,7.710,0.180,0.730,10.000,0.540,1.480,0.631,11
257021,0,0,4,1,0.720,0.150,1.000,2.330,0.420,1.170,0.336,0
257030,0,0,4,1,3.770,0.090,1.480,11.450,,1.960,0.301,30
257040,0,0,4,1,12.300,0.100,1.200,14.750,0.610,2.000,0.418,27
257050,0,1,4,1,,,1.320,3.045,,1.590,0.091,2
257081,1,1,4,1,,,0.420,1.570,,1.580,0.563,3
257081,1,0,4,1,,,0.590,2.715,,2.230,0.371,3
257090,0,0,4,1,,,0.820,2.880,,2.170,0.326,7
257110,0,0,4,1,,,0.810,7.050,,3.560,0.341,24
259010,1,,1,0,2.730,0.060,0.020,3.365,0.510,,0.406,
260001,0,0,4,1,,,0.690,1.585,,1.460,0.115,2
260010,0,0,4,1,1.750,0.160,0.350,1.565,,,0.558,0
261020,0,0,4,1,,,1.420,3.695,,1.700,0.190,2
261030,0,0,1,1,,,1.590,5.850,,3.160,0.030,15
261050,0,0,4,1,,,1.930,8.750,,2.120,0.177,35
261070,1,0,4,1,,,1.000,2.395,,2.290,0.289,4
261080,0,0,4,1,,,1.340,2.915,,1.250,0.081,0
261090,0,,,0,72.000,1.300,1.800,111.000,0.140,,0.324,
261110,0,0,4,1,,,1.050,5.450,,3.310,0.152,10
261111,0,0,4,1,,,1.210,3.930,,2.290,0.146,5
261120,0,1,4,1,0.600,0.150,1.400,3.490,0.650,2.130,0.413,5
261121,0,0,1,1,1.940,0.180,1.520,6.700,,2.100,0.145,14
261130,0,0,4,1,,,2.640,7.550,,1.760,0.057,8
261140,0,0,4,1,,,1.930,7.000,,1.460,0.245,8
261150,1,1,4,1,,,2.050,5.200,,1.520,0.101,4
261150,1,0,4,1,,,1.920,4.740,,1.690,0.153,4
261150,0,0,4,1,,,2.500,7.150,,1.960,0.349,4
261160,0,0,4,1,,,1.590,4.630,,2.020,0.211,5
261170,0,1,4,1,0.590,0.365,2.330,5.500,0.680,1.300,0.103,2
261180,0,0,4,1,,,1.220,2.985,,1.530,0.191,2
261210,0,1,4,1,,,2.010,6.650,,1.400,0.418,14
261220,0,0,4,1,0.920,0.090,1.200,6.150,0.590,1.580,0.317,5
261230,0,0,4,1,0.840,0.130,2.190,7.150,0.460,1.740,0.145,3
261251,1,1,4,1,,,1.310,3.605,,1.550,0.141,0
261251,0,,1,0,16.500,0.700,0.750,28.250,0.450,,0.292,
261260,0,,1,0,2.250,0.345,0.885,9.125,0.600,,0.123,
261290,0,1,4,1,0.600,0.118,1.260,5.750,0.480,1.870,0.231,5
262000,0,,1,0,8.500,0.400,0.200,11.750,0.300,,0.362,
263010,0,0,4,1,,,1.140,3.545,,1.390,0.073,4
263020,1,0,4,1,,,1.400,4.630,,1.610,0.199,3
263020,0,,,0,13.500,0.200,0.300,19.750,0.550,,0.342,
263050,0,0,4,1,,,1.620,4.600,,1.860,0.204,6
263060,1,0,4,1,,,2.420,10.250,,2.040,0.190,16
263070,0,0,1,1,,,1.060,4.295,,2.490,0.240,12
263090,1,0,4,1,1.360,0.190,1.000,3.720,,1.260,0.183,0
263090,0,,,0,7.500,0.250,1.250,21.750,0.430,,0.172,
263100,0,0,4,1,,,1.760,5.750,,2.650,0.149,7
263110,0,0,1,1,,,1.450,5.050,,3.210,0.056,4
263130,0,0,1,1,,,1.460,4.835,,2.750,0.203,8
263131,0,0,4,1,,,1.350,4.365,,1.370,0.036,1
263140,0,0,4,1,,,1.610,7.000,,3.210,0.124,15
263170,0,1,4,1,,,2.600,7.100,,1.420,0.085,6
263180,0,1,4,1,0.430,0.150,2.800,6.450,0.770,1.580,0.082,2
263210,0,0,4,1,,,1.780,3.970,,1.180,0.068,2
263220,0,1,4,1,,,2.200,5.450,,1.150,0.117,0
263230,0,1,4,1,,,1.610,5.200,,1.700,0.102,8
263231,0,0,4,1,,,1.400,4.850,,1.830,0.068,6
263240,0,0,4,1,,,2.150,5.200,,1.780,0.080,2
263250,0,0,4,1,,,1.800,3.965,,1.310,0.049,4
263251,0,0,4,1,,,1.390,9.400,,1.830,0.249,43
263260,0,0,4,1,,,2.650,7.050,,1.460,0.086,3
263270,0,0,1,1,,,2.280,15.250,,2.390,0.226,96
263280,0,0,4,1,1.750,0.400,1.220,6.950,0.550,1.830,0.162,28
263281,0,0,4,1,,,2.080,8.000,,1.900,0.281,15
263290,0,0,4,1,,,2.890,8.550,,2.040,0.172,10
263291,0,0,1,1,,,1.410,3.290,,1.380,0.063,4
263300,0,0,4,1,,,2.270,4.060,0.590,1.270,0.062,2
263310,0,,1,0,10.500,0.300,2.130,22.750,0.550,,0.231,
263320,0,1,4,1,0.335,0.162,1.070,2.600,0.660,1.400,0.208,3
263330,0,0,1,1,,,2.970,19.200,,1.880,0.238,146
263340,0,0,4,1,1.930,0.320,2.250,7.950,,2.100,0.307,13
263350,1,0,4,1,,,1.800,4.455,,1.570,0.137,5
263350,0,,,0,17.000,0.570,1.500,29.500,0.550,,0.288,
263351,0,0,4,1,,,1.190,4.305,,2.480,0.103,7
264001,0,,1,0,8.600,0.200,0.800,19.300,0.370,,0.223,
264010,0,,1,0,10.500,0.470,1.450,25.250,0.560,,0.208,
264020,0,0,4,1,0.760,0.190,2.270,4.890,0.520,1.780,0.173,0
264030,1,0,4,1,6.250,0.860,3.270,11.750,,,0.266,12
264030,0,,1,0,8.500,0.425,2.460,34.250,0.400,,0.124,
264040,0,0,4,1,6.840,1.120,2.660,17.000,0.630,1.490,0.277,34
264050,0,0,4,1,,,1.910,6.500,,2.020,0.214,4
264060,0,,,0,3.000,0.220,0.840,8.500,0.510,,0.176,
264080,0,0,4,1,0.220,0.153,1.590,2.530,0.340,1.150,0.115,0
264090,0,1,4,1,,,1.030,3.520,,3.220,0.291,12
264100,0,0,4,1,,,1.570,2.885,,1.200,0.066,0
264110,0,0,4,1,,,0.620,1.520,,1.360,0.235,0
264140,0,1,1,1,,,1.020,2.800,,2.640,0.242,2
264150,0,0,4,1,,,0.850,3.480,,1.720,0.108,4
264160,0,1,4,1,,,1.150,2.200,,1.570,0.293,2
264180,0,1,4,1,,,1.690,5.100,,2.050,0.298,3
264220,0,1,4,1,,,1.580,3.805,,1.350,0.177,0
264230,0,1,4,1,,,1.420,3.545,,1.270,0.156,3
264240,0,0,4,1,,,1.590,4.310,,1.550,0.102,2
264250,0,0,5,1,,,1.020,2.180,,2.010,0.079,5
264260,0,0,4,1,,,0.640,1.410,0.600,1.960,0.131,0
264270,0,0,4,1,1.750,0.200,1.320,4.470,0.560,2.150,0.595,8
265040,0,1,4,1,,,0.850,2.400,,2.120,0.286,3
265050,0,0,4,1,,,0.730,2.175,,1.890,0.155,5
265060,0,0,4,1,,,0.740,2.550,,1.540,0.077,3
265070,0,0,4,1,,,0.610,1.410,,2.030,0.128,2
266010,0,0,4,1,,,0.410,5.050,,1.620,0.312,13
266020,0,0,4,1,,,1.130,4.210,,3.000,0.587,21
266030,0,0,4,1,,,1.010,2.165,,1.390,0.195,2
266070,0,,1,0,23.000,0.300,1.000,46.500,0.160,,0.247,
266100,1,0,4,1,,,0.660,1.100,,1.190,0.259,0
266110,0,1,1,1,,,0.910,2.785,,1.810,0.272,2
266120,0,0,4,1,0.210,0.030,1.710,4.665,0.440,1.330,0.055,1
266130,1,0,4,1,1.940,0.220,1.060,2.950,,,0.329,2
267010,0,,1,0,0.325,0.150,0.915,10.163,0.730,,0.016,
267020,0,0,4,1,,,1.790,4.440,,1.500,0.075,3
267040,0,0,4,1,1.420,0.240,1.320,4.720,0.430,1.490,0.299,9
268010,0,0,1,1,,,1.200,8.400,,2.530,0.374,52
268020,0,0,4,1,,,0.750,1.735,,1.720,0.130,0
268030,0,0,4,1,1.270,0.270,1.170,3.520,0.700,1.410,0.181,3
268040,0,1,4,1,,,1.540,4.505,,1.340,0.173,2
268050,0,,,0,2.400,0.345,0.890,10.700,0.590,,0.112,
268051,0,0,4,1,,,0.920,1.890,,1.520,0.090,0
268052,0,0,4,1,,,0.650,1.450,,1.400,0.299,0
268060,0,0,4,1,0.275,0.082,1.700,5.400,0.640,1.220,0.074,0
268061,0,0,4,1,,,1.720,3.880,,1.160,0.050,0
268062,0,0,4,1,,,0.300,1.380,,2.050,0.615,3
268063,0,1,4,1,,,0.930,2.625,,1.480,0.167,0
268070,0,0,4,1,2.030,0.320,1.340,5.100,0.520,1.190,0.199,2
268071,0,0,4,1,,,0.390,1.570,,3.590,0.140,2
268072,0,0,1,1,,,0.960,3.090,,2.060,0.247,3
268073,0,0,4,1,,,0.790,2.000,,1.260,0.083,0
271010,0,0,4,1,,,0.840,3.970,,1.660,0.323,3
271011,0,0,1,1,2.890,0.320,1.620,12.050,,2.720,0.120,124
271020,0,0,1,1,,,1.350,3.645,,1.410,0.056,3
271030,0,0,1,1,,,2.290,8.050,,2.570,0.227,30
271040,0,0,1,1,,,1.630,9.200,,2.670,0.162,44
271050,0,0,4,1,,,0.670,1.165,,1.500,0.344,0
271060,0,0,4,1,,,1.770,7.650,,2.360,0.266,27
271061,0,0,4,1,,,2.090,11.550,,2.350,0.135,42
271071,0,0,1,1,,,2.210,12.050,,3.590,0.268,94
271080,1,1,4,1,,,1.280,3.365,,1.600,0.177,4
271080,1,0,4,1,,,1.550,5.000,,1.780,0.156,4
272010,0,0,1,1,,,1.820,13.600,,2.460,0.301,97
272020,0,1,4,1,,,2.220,10.100,,2.030,0.121,15
272030,0,0,4,1,,,1.490,7.900,,2.090,0.384,42
272040,0,0,4,1,,,1.280,6.500,,3.260,0.280,19
272050,0,0,4,1,0.920,0.100,0.900,3.240,,1.780,0.367,4
272070,0,0,1,1,,,0.800,4.245,,2.930,0.319,19
272080,1,0,4,1,,,1.320,7.950,,3.030,0.298,24
272080,1,0,4,1,,,1.270,6.550,,3.230,0.387,24
273010,0,0,4,1,,,1.480,4.660,,1.520,0.062,9
273020,0,1,4,1,,,1.070,8.500,,3.260,0.467,54
273030,0,0,4,1,,,2.010,4.445,0.750,1.110,0.037,0
273031,0,0,4,1,,,1.220,4.785,,2.000,0.246,11
273041,0,0,4,1,,,1.030,3.535,,1.720,0.136,0
273042,0,0,4,1,,,1.770,6.150,,1.680,0.118,4
273044,0,0,5,1,,,1.160,4.470,,1.810,0.108,5
273050,0,0,4,1,,,1.650,4.785,,1.770,0.177,5
273050,1,0,4,1,,,0.950,2.005,,1.570,0.233,5
273060,1,0,4,1,,,1.070,3.680,,1.850,0.137,6
273070,0,,1,0,26.000,0.500,0.350,35.000,0.470,,0.371,
273070,1,,,0,2.100,0.330,0.370,5.550,0.560,,0.189,
273081,0,0,4,1,,,1.380,12.000,,1.690,0.151,18
273082,0,0,5,1,,,1.240,11.900,,2.350,0.166,68
273083,0,0,1,1,2.600,0.290,1.460,12.550,,,0.104,106
273084,0,0,4,1,,,0.800,2.190,,1.770,0.191,1
273090,0,0,1,1,,,0.960,3.680,,3.080,0.103,4
274010,0,0,5,1,,,0.690,1.565,,1.340,0.248,0
274030,0,1,4,1,,,1.070,3.810,,2.190,0.243,3
274060,0,0,4,1,,,0.990,2.595,,1.780,0.163,1
275080,0,0,4,1,,,1.090,4.640,,1.820,0.092,5
282022,0,0,4,1,,,0.550,1.515,,1.980,0.724,4
282030,0,0,4,1,,,0.760,2.970,,2.450,0.079,8
282040,0,1,5,1,,,0.940,2.520,,1.270,0.145,2
282043,0,0,4,1,,,0.580,1.995,,2.390,0.544,7
282050,0,0,4,1,,,0.620,2.850,,2.390,0.196,4
282060,0,,1,0,20.800,0.400,0.350,28.400,0.450,,0.366,
282080,1,1,4,1,0.595,0.120,1.080,3.925,0.550,1.650,0.224,1
282080,0,,1,0,24.000,0.450,0.350,27.000,0.390,,0.444,
282090,0,1,1,1,,,1.460,9.450,,2.210,0.470,32
282091,0,0,4,1,,,0.290,2.145,,1.840,0.512,3
282100,0,0,5,1,,,1.450,8.200,,1.930,0.084,39
282110,0,,,0,21.000,0.550,0.800,30.500,0.420,,0.344,
282120,0,0,4,1,,,1.090,5.300,,2.670,0.477,21
283002,0,0,4,1,1.220,0.150,0.690,1.700,,1.350,0.360,0
283020,0,0,4,1,11.000,0.500,1.420,11.650,0.510,,0.473,16
283030,0,1,4,1,0.700,0.100,2.470,5.900,0.620,1.270,0.085,2
283040,0,0,4,1,,,1.670,4.495,,2.210,0.209,7
283050,0,1,1,1,,,1.450,3.915,,2.750,0.140,10
283060,0,1,1,1,,,2.010,7.000,,2.470,0.147,22
283070,0,0,1,1,,,1.090,1.695,,1.420,0.175,2
283100,0,0,1,1,,,1.680,4.975,,1.740,0.248,9
283110,0,1,4,1,0.415,0.250,1.250,4.100,0.750,2.280,0.409,4
283120,0,0,1,1,,,1.650,7.600,,1.870,0.110,19
283122,0,0,4,1,,,1.230,9.200,,1.950,0.277,35
283130,0,0,4,1,3.350,0.200,1.550,7.550,0.390,1.980,0.222,12
283131,0,0,4,1,,,1.050,2.500,,1.720,0.107,0
283140,0,0,1,1,,,1.240,3.285,,2.690,0.342,10
283141,0,0,4,1,0.670,0.120,1.340,2.880,,1.360,0.117,2
283143,0,0,1,1,,,1.440,7.350,,2.460,0.187,23
283150,0,0,1,1,,,1.080,4.165,,3.990,0.310,7
283160,0,0,4,1,2.000,0.500,1.220,3.355,0.400,1.950,0.298,2
283170,0,0,1,1,,,1.290,6.300,,2.650,0.191,12
283180,0,0,1,1,,,1.790,7.150,,2.030,0.105,19
283190,0,0,1,1,,,1.690,9.800,,2.890,0.267,55
283210,0,0,4,1,,,1.340,6.350,,2.440,0.086,13
283220,0,0,4,1,,,2.030,7.000,,1.670,0.040,6
283230,0,0,1,1,,,1.010,4.030,,1.480,0.233,7
283240,0,0,4,1,0.500,0.035,1.450,4.415,0.550,1.960,0.186,4
283260,0,0,4,1,,,0.870,3.855,,2.070,0.128,4
283270,0,0,4,1,,,1.270,3.875,,1.530,0.133,2
283271,0,,1,0,10.000,0.500,0.750,23.000,0.700,,0.217,
283290,0,0,1,1,6.100,0.300,0.860,9.250,0.540,3.420,0.364,63
284010,0,0,4,1,3.500,0.100,0.730,4.890,0.550,1.460,0.627,6
284011,0,0,4,1,,,0.490,1.135,,1.330,0.139,0
284040,0,1,4,1,,,0.800,3.965,,1.460,0.197,1
284041,0,0,4,1,,,0.830,2.540,,1.590,0.255,3
284050,1,1,4,1,,,0.840,2.335,,1.120,0.172,0
284060,0,0,4,1,1.640,0.210,0.380,1.360,0.580,,0.605,0
284090,0,0,4,1,,,0.360,1.175,,1.400,0.583,3
284110,0,0,4,1,,,0.710,1.320,,1.800,0.127,0
284120,0,,,0,0.031,0.016,0.004,0.046,0.670,,0.341,
284143,0,,1,0,2.400,0.400,2.350,13.200,0.710,,0.091,
284150,0,0,4,1,,,0.830,1.565,,1.190,0.186,0
284160,0,0,4,1,2.340,0.310,0.940,3.675,0.550,1.710,0.319,0
284170,1,,2,0,6.000,0.150,2.150,24.000,0.510,,0.125,
284170,1,,2,0,3.000,0.200,2.200,24.500,0.480,,0.061,
284180,0,0,4,1,0.690,0.160,0.690,2.035,,1.260,0.356,0
284190,0,0,4,1,,,0.280,1.160,,1.930,0.290,2
284192,0,0,4,1,,,0.490,1.200,,1.350,0.479,0
284200,0,0,4,1,3.640,0.450,0.770,3.275,0.250,2.410,0.556,0
285010,0,0,4,1,,,0.700,1.720,,1.910,0.363,3
285030,1,0,4,1,,,0.670,2.700,,1.770,0.150,3
285030,0,,1,0,10.000,0.400,0.500,15.000,0.670,,0.333,
285031,0,0,1,1,,,1.080,5.450,,2.710,0.456,16
285032,0,1,4,1,0.730,0.100,1.430,3.290,0.560,1.150,0.173,0
285034,0,,,0,3.300,0.450,0.450,4.650,0.690,,0.355,
285040,0,,,0,14.500,0.780,0.450,22.250,0.640,,0.326,
285041,0,0,4,1,,,1.470,3.695,,1.850,0.050,0
285060,0,0,1,1,,,1.760,7.300,,2.870,0.292,24
285070,0,,1,0,19.000,0.400,0.650,34.500,0.310,,0.275,
285080,0,,1,0,24.000,0.550,0.600,32.000,0.490,,0.375,
285081,1,,,0,1.500,0.370,0.570,2.000,0.680,,0.375,
285081,0,,,0,6.500,0.450,0.425,12.250,0.520,,0.265,
290010,0,,1,0,4.750,0.330,0.400,7.875,0.540,,0.302,
290020,0,0,4,1,,,0.720,2.560,,1.860,0.414,4
290021,0,0,1,1,,,1.170,5.200,,2.410,0.123,10
290030,0,1,4,1,2.250,0.070,1.480,4.550,0.640,1.350,0.263,1
290040,0,0,4,1,,,1.170,4.790,,2.230,0.167,7
290041,0,,1,0,8.290,0.780,0.370,9.145,0.560,,0.453,
290050,0,1,4,1,0.525,0.150,1.180,2.630,0.560,1.190,0.124,0
290060,1,1,1,1,,,1.360,3.695,,2.430,0.208,7
290080,0,0,4,1,,,0.980,2.840,,1.700,0.143,0
290090,0,0,4,1,,,1.550,6.400,,2.230,0.315,7
290100,0,1,4,1,,,1.110,2.875,,2.260,0.297,3
290110,0,0,5,1,,,1.160,2.705,,3.280,0.191,1
290112,0,0,5,1,,,0.530,2.040,,1.620,0.226,0
290113,0,0,5,1,,,0.970,2.555,,3.110,0.193,4
290120,0,0,5,1,,,1.300,4.615,,4.510,0.156,16
290161,0,0,4,1,,,1.500,5.250,,1.820,0.119,5
290180,0,,,0,3.100,0.390,0.350,4.050,0.520,,0.383,
290190,0,1,4,1,,,1.190,2.235,,1.200,0.185,0
290191,0,0,1,1,,,0.630,1.730,,1.540,0.103,2
290200,0,0,4,1,2.750,0.300,1.130,4.280,0.670,1.540,0.480,8
290210,0,,,0,1.630,0.255,0.380,5.415,0.660,,0.151,
290220,0,0,4,1,,,0.930,3.225,,1.980,0.477,3
290240,0,0,4,1,0.250,0.150,1.410,3.440,0.700,1.510,0.071,0
290250,0,1,4,1,,,0.510,1.090,,1.270,0.653,0
290260,0,0,4,1,,,0.690,1.345,,1.600,0.263,0
290270,0,0,4,1,,,1.140,3.200,,2.540,0.400,5
290290,0,0,4,1,,,0.920,4.815,,2.830,0.337,9
290300,0,0,4,1,,,1.140,3.220,,1.720,0.196,5
290310,1,0,4,1,,,0.880,1.790,,1.220,0.141,0
290310,0,,,0,7.550,0.575,0.680,15.275,0.720,,0.247,
290320,1,0,4,1,,,0.980,2.525,,1.300,0.045,0
290320,0,,1,0,8.500,0.350,0.550,13.250,0.560,,0.321,
290331,0,1,4,1,,,0.680,1.665,,1.520,0.219,0
290340,0,0,4,1,,,1.730,3.515,,1.290,0.114,0
290360,0,0,5,1,,,1.790,3.410,,1.970,0.087,3
290380,0,0,5,1,,,1.110,5.650,,3.500,0.350,11
290390,0,1,4,1,,,2.290,6.800,,1.240,0.100,4
300010,0,0,1,1,,,1.760,4.755,,1.760,0.053,4
300020,0,0,4,1,,,1.510,5.150,,2.680,0.104,5
300030,0,0,4,1,,,1.260,3.095,,1.320,0.064,3
300040,0,1,4,1,,,1.670,4.535,,1.230,0.156,4
300042,0,0,4,1,,,0.580,1.330,,1.360,0.187,0
300050,0,0,4,1,7.860,0.470,1.000,11.150,0.590,,0.353,21
300053,0,0,4,1,,,1.700,3.420,,1.370,0.067,2
300057,0,0,4,1,,,0.550,1.755,,1.910,0.164,0
300058,0,0,4,1,,,1.390,6.700,,2.160,0.401,13
300059,0,0,4,1,,,0.560,1.575,,1.570,0.204,0
300060,0,0,4,1,2.320,0.230,1.980,4.755,,1.560,0.244,0
300070,1,1,4,1,,,0.880,4.180,,1.940,0.293,6
300080,1,0,4,1,,,2.080,3.835,,1.250,0.037,0
300083,0,0,4,1,,,2.100,3.875,,1.330,0.067,2
300090,0,0,4,1,,,2.640,5.050,,1.410,0.053,0
300100,0,0,4,1,,,2.160,7.450,,2.050,0.333,13
300110,0,0,1,1,,,1.470,5.450,,2.190,0.397,12
300120,0,0,4,1,,,2.310,6.050,,2.250,0.123,4
300123,0,0,4,1,,,1.560,3.615,,1.520,0.073,7
300130,0,0,4,1,,,0.820,1.705,,1.180,0.107,0
300160,0,0,4,1,,,1.550,4.395,,1.740,0.098,5
300170,0,,1,0,11.000,0.250,0.600,17.500,0.480,,0.314,
300190,1,0,4,1,0.710,0.080,1.000,2.940,,1.820,0.405,3
300190,0,,1,0,9.000,0.350,0.600,13.500,0.670,,0.333,
300200,0,0,4,1,,,2.920,5.950,,1.330,0.032,1
300201,0,0,4,1,,,1.320,7.650,,3.930,0.293,24
300210,0,0,4,1,,,1.580,4.340,,2.280,0.281,7
300220,0,0,1,1,,,0.770,1.700,,1.860,0.410,4
300230,0,0,4,1,,,1.340,2.630,,1.200,0.076,0
300240,0,0,4,1,1.690,0.430,2.810,8.000,,1.860,0.303,5
300241,1,0,4,1,,,2.030,4.415,,1.450,0.045,3
300241,1,0,4,1,,,1.050,1.865,,1.300,0.108,3
300242,0,0,1,1,,,2.200,6.100,,1.930,0.062,9
300250,0,0,1,1,1.750,0.800,1.470,2.945,0.380,1.260,0.292,3
300251,0,0,1,1,,,2.580,3.380,,1.390,0.057,0
300260,0,1,1,1,,,3.470,5.750,,1.090,0.066,0
300261,0,0,4,1,,,3.110,10.200,,1.820,0.279,8
300270,0,0,4,1,2.250,0.500,2.750,9.450,0.270,2.390,0.214,17
300272,0,0,4,1,2.340,0.260,1.250,3.695,,,0.317,6
300280,0,0,4,1,,,2.510,7.350,,1.610,0.044,11
300340,0,0,4,1,,,0.930,2.460,,1.300,0.169,0
300390,0,0,4,1,,,1.050,3.285,,1.360,0.431,0
300450,0,0,1,1,,,2.250,12.700,,4.350,0.239,51
300460,0,0,4,1,,,0.950,2.205,,1.200,0.097,0
300550,0,0,4,1,,,1.100,5.050,,1.980,0.059,19
300680,0,0,4,1,,,0.960,1.660,,1.330,0.112,0
305060,0,0,4,1,5.200,0.400,1.330,9.450,0.590,2.000,0.275,19
306030,0,0,4,1,,,0.950,4.790,,2.330,0.272,29
306040,0,0,1,1,,,1.820,13.550,,1.890,0.025,54
311010,0,0,4,1,,,0.650,2.420,,1.760,0.546,5
311020,0,1,4,1,,,1.180,3.285,,1.440,0.149,2
311030,0,0,4,1,,,1.120,3.245,,1.370,0.081,0
311050,0,0,4,1,,,1.150,2.100,,1.590,0.077,1
311060,0,0,4,1,9.000,0.600,1.190,8.450,0.660,1.900,0.594,35
311070,0,0,4,1,,,1.530,4.600,,1.570,0.059,2
311080,0,0,4,1,,,1.780,4.380,,2.680,0.499,5
311090,0,1,4,1,,,1.410,4.000,,2.060,0.227,4
311100,0,0,4,1,,,0.700,1.485,,1.450,0.111,0
311110,0,0,4,1,,,1.260,2.210,,1.110,0.114,0
311111,0,0,4,1,,,1.150,4.690,,2.170,0.314,6
311120,0,0,4,1,,,1.710,4.385,,1.740,0.275,7
311130,0,0,4,1,1.190,0.240,0.280,1.240,,1.350,0.479,0
311160,0,0,4,1,,,1.440,7.800,,1.920,0.255,24
311161,0,0,4,1,0.740,0.160,1.520,3.280,0.520,1.620,0.268,0
311190,0,0,4,1,,,0.790,1.550,,1.210,0.276,0
311200,0,0,4,1,,,0.990,1.615,,1.410,0.518,0
311210,0,0,4,1,3.470,0.150,0.530,3.610,,1.640,0.481,0
311220,0,0,4,1,2.090,0.370,1.230,4.130,0.790,1.270,0.253,0
311230,0,0,4,1,,,1.570,3.590,,1.190,0.061,0
311240,0,0,4,1,,,1.720,3.830,,1.140,0.045,0
311241,0,0,4,1,,,1.130,5.100,,2.330,0.335,9
311250,0,0,4,1,,,0.840,1.650,,1.490,0.084,0
311260,0,0,4,1,,,0.830,1.620,,1.920,0.137,2
311270,0,0,4,1,1.500,0.275,2.000,4.735,0.780,1.130,0.157,0
311280,0,0,4,1,,,1.780,5.100,,2.850,0.204,8
311290,0,0,4,1,11.100,0.540,1.210,10.500,0.630,,0.528,9
311310,1,0,4,1,,,1.810,7.100,,2.100,0.228,12
311310,0,,1,0,2.800,0.750,1.200,12.400,0.560,,0.113,
311320,0,0,1,1,2.530,0.210,1.130,3.840,,1.860,0.329,3
311340,0,0,4,1,,,1.930,13.550,,1.800,0.404,29
311350,0,,1,0,14.250,0.315,0.440,20.125,0.370,,0.354,
311360,0,0,4,1,,,2.600,8.150,,1.380,0.023,5
311370,0,0,4,1,,,2.200,5.450,,1.650,0.065,12
311380,0,0,4,1,,,1.670,5.350,,3.040,0.395,10
311390,0,0,4,1,,,0.540,1.500,,1.440,0.133,2
312010,0,0,1,1,,,1.690,6.050,,1.790,0.026,15
312011,0,0,1,1,,,1.360,4.265,,1.800,0.056,8
312020,1,0,4,1,,,0.950,2.610,,1.590,0.081,0
312030,0,0,4,1,,,1.550,2.790,,1.750,0.083,2
312040,0,0,4,1,,,1.790,3.275,,1.150,0.052,0
312050,0,0,4,1,1.840,0.320,1.090,3.580,,1.550,0.257,3
312060,0,0,1,1,,,1.700,5.150,,2.150,0.316,9
312070,0,0,1,1,8.800,0.350,2.350,14.500,0.600,1.880,0.350,32
312080,0,,,0,3.100,0.160,0.700,10.500,0.520,,0.148,
312090,0,,,0,10.800,0.480,0.930,20.400,0.720,,0.265,
312090,1,,,0,0.820,0.150,0.500,3.010,0.800,,0.136,
312110,0,0,4,1,,,1.570,3.375,,1.750,0.109,2
312130,1,0,4,1,,,1.090,2.515,,1.220,0.212,0
312150,0,0,4,1,0.350,0.100,1.660,4.100,0.440,2.130,0.248,4
312160,0,0,1,1,,,1.050,2.525,,3.970,0.416,5
312170,0,0,1,1,3.530,0.440,0.800,2.995,0.370,,0.589,6
312190,0,1,4,1,,,1.610,3.445,,1.280,0.198,0
312200,0,0,1,1,,,1.550,4.840,,3.260,0.266,5
312250,0,,1,0,3.000,0.350,1.780,5.000,0.490,,0.300,
312260,0,0,4,1,,,1.530,3.405,,1.820,0.122,2
312270,0,0,1,1,,,1.660,3.900,,1.910,0.101,4
313010,0,0,1,1,,,1.210,3.290,,1.200,0.084,0
314010,0,0,4,1,,,0.180,5.650,,3.360,0.538,12
315020,0,,1,0,5.000,0.200,2.900,25.000,0.280,,0.100,
315040,0,0,4,1,0.720,0.130,0.710,1.710,0.550,1.440,0.385,0
315040,1,,,0,2.220,0.340,0.430,4.500,0.500,,0.247,
320180,0,0,4,1,,,2.210,6.900,,3.090,0.401,12
320200,0,0,1,1,,,2.450,6.000,,2.260,0.067,19
321010,0,0,1,1,,,2.510,5.250,0.530,1.680,0.035,6
321020,0,0,4,1,,,2.020,4.250,,1.690,0.079,4
321030,0,0,1,1,0.350,0.100,3.200,7.000,0.740,1.730,0.138,9
321040,0,0,4,1,,,2.320,6.150,,1.750,0.090,5
321050,0,0,4,1,,,1.490,3.750,,1.570,0.214,3
322010,0,0,4,1,,,2.510,7.500,,1.410,0.067,2
322020,0,0,4,1,,,1.930,4.720,,1.780,0.035,2
322060,0,0,1,1,0.310,0.068,0.630,3.720,0.450,1.460,0.079,2
322070,1,0,1,1,,,1.070,3.065,,2.150,0.351,6
322070,1,0,4,1,,,1.360,3.285,,1.430,0.064,6
322090,0,0,4,1,,,0.980,2.525,,1.320,0.084,0
322110,0,0,1,1,7.520,0.280,1.000,13.350,,1.770,0.281,62
322160,0,,,0,9.750,0.925,0.900,18.475,0.610,,0.264,
322160,1,,,0,0.430,0.033,0.515,4.365,0.380,,0.049,
323010,0,0,4,1,,,2.930,9.300,,1.460,0.028,13
323020,0,0,1,1,8.500,0.150,1.080,13.300,0.350,1.570,0.450,70
323080,0,0,,1,,,1.060,1.895,,1.440,0.144,3
323080,1,,1,0,0.210,0.015,0.610,3.505,0.600,,0.030,
324020,1,,,0,0.510,0.049,0.052,2.005,0.150,,0.127,
324020,1,,,0,0.958,0.020,0.160,5.259,0.370,,0.091,
324020,1,,,0,0.505,0.031,0.091,3.503,0.100,,0.072,
324020,1,,1,0,0.150,0.011,0.090,5.075,0.380,,0.015,
324020,1,,,0,0.735,0.035,0.162,4.668,0.240,,0.079,
324020,1,,,0,0.600,0.030,0.070,3.000,0.360,,0.100,
324030,1,,,0,0.140,0.021,0.148,9.770,0.190,,0.007,
324040,1,,1,0,0.390,0.007,0.081,4.495,0.470,,0.043,
325010,1,,1,0,0.730,0.015,0.066,5.015,0.420,,0.073,
325010,1,,1,0,33.000,0.200,0.400,32.500,0.590,,0.508,
325010,1,,,0,0.354,0.014,0.066,3.002,0.350,,0.059,
325010,0,,1,0,59.000,0.500,0.700,54.500,0.400,,0.541,
329020,1,,,0,3.500,0.500,1.265,9.750,0.560,,0.179,
332010,1,,2,0,5.600,0.100,3.900,58.800,0.460,,0.048,
332020,0,0,5,1,5.600,0.115,4.160,31.650,0.240,1.800,0.103,10
332030,0,0,1,1,,,3.240,16.250,,1.410,0.142,30
332040,0,1,1,1,,,2.250,9.750,,2.320,0.158,7
332060,0,0,5,1,,,3.040,20.950,,2.620,0.224,46
341005,0,0,4,1,,,0.440,1.020,,1.630,0.233,0
341010,1,0,4,1,,,1.410,3.085,,1.550,0.118,1
341011,0,0,4,1,1.370,0.140,0.220,1.895,0.740,1.380,0.361,0
341020,0,,,0,0.650,0.075,0.300,1.000,0.780,,0.325,
341021,0,0,4,1,3.800,0.100,1.030,6.350,0.510,1.670,0.379,7
341024,0,0,4,1,,,1.090,3.235,,1.830,0.229,5
341030,0,0,1,1,,,1.270,5.050,,1.290,0.251,7
341040,0,0,4,1,0.350,0.060,1.530,2.385,0.750,1.250,0.078,0
341062,0,0,1,1,,,1.160,4.135,,1.740,0.132,6
341070,0,0,1,1,2.300,0.200,1.910,8.550,0.370,1.720,0.205,22
341082,0,0,1,1,,,2.500,8.050,,2.580,0.035,21
341090,0,0,4,1,0.630,0.170,2.710,7.850,0.430,1.320,0.075,7
341091,0,0,4,1,,,1.870,9.650,,1.480,0.020,7
341094,0,1,4,1,,,0.770,5.000,,1.940,0.185,6
341096,0,0,1,1,,,2.780,12.300,,1.810,0.064,22
341098,0,0,1,1,,,1.860,8.350,,4.150,0.130,34
341100,0,0,1,1,0.316,0.300,3.020,7.200,0.730,1.450,0.022,11
341110,0,0,1,1,,,1.280,8.200,0.440,2.680,0.084,73
341130,0,0,1,1,,,3.190,5.850,,1.710,0.051,15
342020,0,0,1,1,,,3.170,5.950,,1.640,0.030,4
342030,0,0,4,1,,,2.680,4.560,,1.270,0.045,4
342060,1,0,4,1,,,2.340,4.510,,1.180,0.044,1
342060,0,,,0,20.000,0.800,1.500,24.000,0.620,,0.417,
342070,0,0,4,1,,,1.500,3.230,,2.060,0.165,2
342080,0,0,4,1,,,2.530,4.560,,1.550,0.043,2
342090,0,0,4,1,,,2.720,5.000,,1.990,0.033,2
342100,0,0,4,1,0.290,0.040,2.560,5.950,0.760,1.150,0.031,1
342110,0,0,4,1,,,1.210,2.830,,1.500,0.426,4
342120,0,0,4,1,,,1.270,1.985,,2.120,0.220,0
342130,0,0,1,1,,,1.510,10.150,,4.350,0.258,54
342141,0,0,4,1,,,0.620,1.975,,2.040,0.097,2
342160,0,0,4,1,,,1.150,3.300,,1.900,0.155,4
342170,0,0,4,1,,,0.840,1.755,,1.250,0.155,0
342190,0,0,1,1,1.170,0.090,0.740,2.965,,1.250,0.197,2
343010,1,0,4,1,,,0.760,1.305,,1.290,0.116,0
343020,0,0,1,1,0.940,0.180,1.300,3.385,,1.240,0.319,0
343030,0,0,4,1,0.186,0.032,0.790,1.000,0.790,1.150,0.129,0
343041,0,,,0,8.750,0.500,1.000,10.375,0.360,,0.422,
343050,0,0,4,1,1.610,0.470,1.420,6.750,0.820,1.560,0.311,3
343052,0,0,4,1,,,1.040,4.460,,2.290,0.176,11
343060,0,,,0,13.000,0.570,0.600,15.500,0.500,,0.419,
343070,0,0,4,1,,,1.640,4.225,,1.860,0.168,2
343072,0,1,4,1,,,0.680,1.610,,1.640,0.419,2
343080,0,0,1,1,,,1.380,6.400,,2.810,0.225,7
343081,0,0,4,1,,,1.120,2.470,,1.640,0.140,0
343082,0,0,4,1,,,1.200,4.360,,1.850,0.108,4
343090,0,0,4,1,2.180,0.340,0.970,4.420,0.700,2.350,0.246,4
343100,0,0,4,1,0.700,0.170,1.850,4.715,,1.130,0.133,0
343130,0,0,4,1,,,0.740,1.815,,1.270,0.152,0
343140,0,0,4,1,,,0.630,2.875,,2.160,0.126,3
344010,0,0,1,1,2.570,0.560,0.820,5.950,0.570,1.730,0.216,4
344020,0,1,4,1,,,1.240,2.845,,1.250,0.164,0
344040,0,0,1,1,,,0.890,3.405,,2.280,0.479,5
344060,0,0,4,1,,,0.720,3.380,,1.650,0.236,3
344080,0,1,4,1,0.600,0.120,0.920,3.445,0.660,1.860,0.455,7
344090,0,0,4,1,,,1.060,2.225,,1.180,0.086,0
344091,0,0,4,1,2.820,0.310,0.450,2.915,0.600,1.720,0.483,3
344100,0,,1,0,6.250,0.100,0.100,6.525,0.280,,0.479,
344110,0,0,4,1,,,1.150,4.090,,2.410,0.165,3
344111,0,0,4,1,,,0.590,3.900,,2.280,0.148,6
344120,0,0,4,1,,,1.410,3.055,,1.150,0.070,0
344132,0,0,4,1,,,0.400,1.500,,1.860,0.312,0
344133,0,,1,0,6.700,0.300,0.400,10.850,0.640,,0.309,
345010,0,0,1,1,,,1.260,6.550,,2.460,0.375,14
345020,0,1,4,1,,,1.470,8.000,,2.780,0.277,14
345030,0,1,4,1,,,1.550,7.150,,1.820,0.338,15
345031,0,0,4,1,,,1.560,6.800,,1.770,0.052,20
345033,0,0,4,1,0.120,0.030,1.190,2.180,0.500,1.250,0.095,0
345034,0,0,1,1,,,2.020,12.500,,2.800,0.127,69
345040,0,1,1,1,1.250,0.250,2.160,10.600,0.590,1.730,0.212,20
345050,0,0,1,1,,,2.800,16.200,,2.000,0.032,61
345060,0,1,1,1,,,3.170,13.550,,3.570,0.060,45
345070,0,1,1,1,,,2.930,11.750,,1.880,0.070,31
346010,0,0,4,1,,,2.630,8.950,,1.580,0.144,22
351012,0,0,4,1,,,1.490,3.215,,2.040,0.175,7
351020,0,1,4,1,,,2.530,8.900,,1.540,0.143,21
351021,0,0,4,1,,,1.030,3.975,,3.150,0.270,7
351030,0,0,4,1,,,2.390,4.185,,1.450,0.064,6
351040,0,0,4,1,,,1.090,2.040,,1.620,0.186,5
351050,0,0,4,1,,,3.300,7.900,,2.760,0.083,17
351060,0,1,4,1,,,2.030,8.950,,2.050,0.254,19
351061,0,0,4,1,,,0.880,1.565,,1.420,0.261,2
351070,0,0,1,1,,,1.030,2.255,,1.870,0.225,3
351080,0,0,1,1,,,2.600,8.950,0.250,2.190,0.081,17
351090,0,0,1,1,2.750,0.300,1.700,6.850,0.690,2.390,0.204,9
351100,0,0,4,1,0.225,0.100,1.480,3.615,0.640,1.950,0.189,4
351110,1,0,4,1,1.200,0.800,1.390,2.595,0.360,1.700,0.273,3
352001,0,0,1,1,,,2.260,3.410,,2.420,0.116,2
352004,0,0,1,1,,,1.750,3.905,,1.850,0.085,5
352005,0,0,4,1,,,2.030,8.750,,1.820,0.440,25
352006,0,0,1,1,,,2.450,7.950,,1.680,0.037,18
352010,0,0,1,1,1.050,0.300,2.500,7.350,0.820,1.570,0.158,16
352020,0,0,1,1,,,3.170,11.350,,2.060,0.170,70
352021,0,0,4,1,,,2.280,7.200,,2.340,0.086,33
352030,0,0,4,1,,,3.040,6.400,,1.720,0.029,5
352040,0,0,4,1,0.350,0.100,2.640,8.050,0.560,1.520,0.032,12
352041,0,0,1,1,,,2.110,7.450,,1.850,0.134,11
352050,0,1,4,1,0.625,0.215,2.130,5.400,0.610,1.230,0.081,6
352060,0,,1,0,3.500,0.450,1.000,5.250,0.650,,0.333,
352071,0,0,4,1,,,2.680,6.950,,1.680,0.064,4
352080,0,1,1,1,0.400,0.140,3.260,7.150,0.560,1.520,0.085,6
352090,0,0,1,1,,,3.420,6.700,,1.460,0.035,9
353010,0,0,4,1,5.740,0.830,1.430,10.750,0.420,1.290,0.342,2
353011,0,0,4,1,,,0.880,2.865,,3.320,0.188,3
353020,0,0,4,1,5.490,0.650,1.700,11.050,0.520,1.370,0.309,2
353030,0,0,4,1,5.560,0.270,1.370,9.300,0.840,1.140,0.378,3
353040,0,0,4,1,7.570,0.320,1.160,13.800,0.570,1.300,0.318,5
353050,0,0,1,1,8.530,0.150,0.990,11.750,0.640,1.130,0.417,3
353060,0,0,4,1,3.800,0.400,1.670,10.450,,1.180,0.270,2
353070,0,1,4,1,,,0.630,4.390,,1.480,0.396,4
353080,0,0,4,1,,,0.320,6.500,,1.430,0.519,16
353081,0,,1,0,0.800,0.075,1.530,9.400,0.650,,0.043,
353090,0,0,5,1,,,0.900,9.000,,2.270,0.077,15
353091,0,0,4,1,,,0.850,16.100,,2.370,0.022,27
353120,0,0,4,1,,,0.710,9.450,,2.140,0.294,12
354002,0,0,4,1,,,0.980,2.625,,2.080,0.240,5
354003,0,0,4,1,,,2.050,8.450,,2.420,0.348,9
354006,1,0,4,1,,,1.950,5.300,,1.920,0.096,2
354006,0,0,4,1,,,1.250,3.720,,1.850,0.120,2
354007,0,0,1,1,,,2.910,10.000,,2.110,0.372,21
354010,0,1,4,1,,,2.820,5.350,,1.340,0.105,0
354020,0,0,4,1,1.200,0.280,2.200,4.325,,1.430,0.138,0
354040,0,0,4,1,,,1.200,4.390,,2.170,0.180,10
354050,0,1,4,1,,,1.790,4.945,,3.280,0.380,6
354060,0,0,4,1,,,1.020,2.495,,2.510,0.376,8
355010,0,0,4,1,,,1.450,3.130,,1.380,0.391,0
355011,0,0,4,1,,,1.570,5.350,,2.550,0.138,10
355012,0,0,4,1,,,1.590,3.150,,1.190,0.144,0
355020,0,0,4,1,,,1.260,2.935,,1.520,0.107,3
355021,0,0,4,1,1.840,0.170,0.430,3.285,,1.370,0.280,0
355030,0,1,4,1,,,1.520,4.465,,2.360,0.126,5
355032,0,0,4,1,,,1.540,3.450,,1.310,0.069,4
355040,0,0,4,1,,,0.960,2.125,,2.060,0.451,3
355050,0,0,4,1,,,1.120,5.050,,5.000,0.295,8
355061,0,0,1,1,,,2.060,5.550,,1.790,0.260,7
355070,1,0,4,1,,,2.560,6.250,,1.640,0.186,5
355090,0,1,1,1,,,1.330,4.280,,1.670,0.382,15
355091,0,1,1,1,,,1.560,8.300,,5.120,0.523,35
355092,0,0,4,1,,,2.010,3.010,,1.210,0.086,0
355093,0,0,4,1,,,0.980,4.410,,2.840,0.535,19
355094,1,0,4,1,,,1.030,2.275,,1.360,0.248,0
355095,0,0,4,1,,,1.030,1.580,,1.430,0.095,0
355096,0,0,4,1,,,1.220,2.395,,1.430,0.097,3
355098,0,1,4,1,,,1.220,2.455,,1.190,0.136,2
355100,0,0,4,1,,,1.310,3.280,,1.740,0.402,5
355102,0,0,4,1,,,1.850,4.710,,1.580,0.190,3
355104,0,0,4,1,,,0.470,1.335,,1.340,0.216,0
355107,0,0,1,1,,,2.610,9.800,,2.550,0.317,20
355109,0,0,1,1,,,2.360,7.100,,1.480,0.059,14
355110,0,0,4,1,,,2.100,5.300,,1.490,0.037,11
355112,0,0,1,1,,,0.640,2.840,,4.780,0.534,7
355120,0,0,1,1,,,1.080,3.455,,4.420,0.347,3
355121,0,1,4,1,,,0.790,3.665,,2.110,0.203,4
355122,0,1,1,1,,,1.450,6.100,,2.690,0.490,14
355123,0,1,1,1,,,1.500,7.950,,2.620,0.310,21
355124,0,0,1,1,1.090,0.090,1.390,9.950,,2.800,0.389,44
355125,0,1,4,1,,,2.240,6.300,,1.440,0.126,5
355130,0,0,1,1,,,1.640,5.600,,1.770,0.147,11
355131,0,0,4,1,,,0.960,2.230,,1.930,0.103,0
355150,0,0,4,1,,,1.220,3.235,,1.310,0.148,0
355160,0,0,4,1,1.240,0.130,2.080,6.000,,1.590,0.103,3
355190,1,1,1,1,,,1.890,6.400,,1.930,0.108,7
355200,0,0,4,1,,,1.830,3.755,,1.250,0.050,2
355220,0,1,1,1,,,1.870,6.950,,2.330,0.273,26
356011,1,0,5,1,,,0.500,3.905,,1.390,0.182,3
356011,1,,4,0,1.600,0.200,0.300,4.300,0.780,,0.186,
357020,0,1,4,1,,,3.240,5.450,,2.720,0.258,7
357021,1,0,4,1,,,1.740,3.935,,1.510,0.068,0
357022,0,0,4,1,,,1.470,1.900,,1.350,0.082,0
357024,0,0,1,1,,,2.860,7.600,,2.780,0.209,12
357040,0,0,1,1,,,2.720,8.300,,3.400,0.300,21
357050,0,0,4,1,1.090,0.050,1.450,2.965,,1.420,0.183,0
357060,0,0,4,1,,,1.230,2.265,,1.700,0.206,0
357062,0,0,1,1,,,2.350,4.750,,2.000,0.080,1
357063,0,0,4,1,,,2.150,4.545,,1.680,0.071,6
357064,0,0,4,1,,,0.770,1.995,,1.820,0.232,0
357066,0,0,1,1,8.500,0.160,1.640,9.300,0.560,2.110,0.609,29
357070,1,0,4,1,,,1.380,2.910,,1.730,0.064,0
357070,1,0,4,1,,,1.170,3.190,,1.650,0.237,0
357072,0,1,1,1,,,2.490,11.450,,1.980,0.329,35
357080,0,0,4,1,,,1.590,4.050,,1.250,0.046,2
357090,0,1,4,1,,,1.190,3.955,,1.550,0.220,0
357091,0,0,4,1,,,2.580,7.200,,1.840,0.050,5
357093,0,0,4,1,,,1.800,6.400,,1.700,0.077,12
357100,0,1,4,1,,,1.320,3.225,,1.400,0.167,2
357110,0,0,4,1,0.275,0.100,1.800,3.920,0.330,1.780,0.071,1
357120,0,0,4,1,,,1.750,4.395,,1.300,0.038,2
357121,0,0,4,1,,,0.920,2.735,,1.610,0.251,4
357122,0,0,4,1,,,2.470,4.755,,1.240,0.038,1
357130,0,0,4,1,,,1.700,5.800,,1.890,0.388,7
357150,1,0,1,1,,,2.030,15.500,,5.430,0.317,118
357150,1,0,4,1,2.160,0.210,1.050,3.745,,1.330,0.288,118
357150,0,,1,0,7.600,0.100,1.525,22.800,0.640,,0.167,
357160,1,0,4,1,,,1.630,2.910,,1.390,0.072,0
358010,0,0,4,1,,,2.200,4.385,,1.270,0.042,1
358020,0,0,4,1,,,1.700,6.200,,1.620,0.095,8
358022,0,0,5,1,,,2.140,6.550,,3.460,0.218,14
358023,0,0,4,1,,,1.430,2.845,,1.800,0.089,0
358040,0,0,4,1,,,1.850,3.620,,1.740,0.121,3
358049,0,0,1,1,,,1.960,5.300,,3.780,0.079,12
358050,0,0,4,1,,,1.570,3.830,,1.870,0.051,4
358052,0,0,4,1,,,2.270,5.800,,1.720,0.108,3
358054,0,0,4,1,,,1.480,3.995,,1.690,0.224,3
358055,0,0,4,1,,,1.750,4.550,,1.640,0.024,2
358056,0,0,4,1,,,1.780,3.125,,1.430,0.131,0
358057,0,0,1,1,,,1.770,11.550,,2.280,0.493,71
358059,0,0,1,1,,,2.390,4.725,,2.060,0.038,14
358060,0,0,4,1,,,2.180,7.150,,3.440,0.205,22
358070,0,0,4,1,,,1.350,4.960,,2.100,0.072,13
360010,0,0,4,1,,,0.840,2.005,,1.340,0.081,4
360020,0,1,4,1,0.760,0.215,0.550,1.950,0.620,1.160,0.310,0
360030,0,0,4,1,0.940,0.230,0.890,2.500,0.580,1.570,0.187,0
360040,0,0,4,1,,,0.950,4.485,,1.680,0.153,3
360050,0,0,4,1,,,0.880,3.190,,2.430,0.183,5
360060,0,0,1,1,,,1.180,4.080,,2.360,0.140,5
360080,0,0,4,1,,,0.790,3.650,,2.210,0.079,11
360090,0,0,4,1,,,1.410,7.450,,2.110,0.061,30
360100,0,0,1,1,,,1.020,2.830,,2.430,0.572,4
360110,0,0,5,1,,,0.920,3.335,,2.040,0.062,16
360120,0,0,4,1,,,1.370,6.600,,1.960,0.084,14
360150,0,0,4,1,2.180,0.230,1.200,4.425,,1.420,0.247,0
360170,0,0,4,1,,,0.810,5.600,,2.530,0.225,21
370030,1,,,0,0.190,0.060,0.093,2.575,0.550,,0.037,
370030,1,,1,0,0.175,0.040,0.055,2.178,0.590,,0.040,
370030,1,,1,0,0.190,0.025,0.105,2.250,0.470,,0.042,
370030,1,,1,0,0.275,0.020,0.260,3.138,0.220,,0.044,
371040,1,,1,0,0.320,0.010,0.250,3.375,0.440,,0.047,
371050,1,,,0,0.350,0.010,0.105,2.600,0.220,,0.067,
371070,1,,,0,0.350,0.060,0.590,5.685,0.560,,0.031,
371080,1,,1,0,0.600,0.010,0.240,2.900,0.340,,0.103,
371080,1,,1,0,0.425,0.020,0.165,5.213,0.300,,0.041,
371080,1,,,0,0.525,0.050,0.190,5.638,0.560,,0.047,
371080,1,,,0,0.490,0.035,0.225,4.185,0.390,,0.059,
371080,1,,1,0,0.325,0.085,0.445,2.263,0.200,,0.072,
371080,1,,1,0,0.315,0.015,0.325,3.158,0.750,,0.050,
372070,0,,1,0,0.340,0.090,1.000,10.170,0.040,,0.017,
373010,0,,1,0,10.850,0.220,1.000,12.925,0.520,,0.420,
373060,0,,,0,9.500,0.200,0.550,14.750,0.550,,0.322,
373060,1,,,0,0.550,0.060,0.470,4.275,0.400,,0.064,
373070,1,,,0,0.690,0.070,0.300,7.220,0.340,,0.048,
373090,0,,,0,0.675,0.140,0.160,5.588,0.550,,0.060,
376010,1,,,0,1.750,0.250,2.580,11.875,0.560,,0.074,
382001,0,0,4,1,,,0.900,6.600,,1.900,0.623,17
382002,0,0,4,1,1.890,0.180,0.690,2.260,0.600,1.790,0.418,0
382010,0,0,4,1,2.020,0.350,1.040,7.400,0.670,1.700,0.137,9
382020,0,0,4,1,,,2.110,4.720,,1.250,0.070,2
382040,0,0,5,1,1.160,0.180,0.380,2.150,0.350,1.770,0.270,2
382050,0,0,4,1,,,0.800,3.785,,1.430,0.365,6
382050,1,,1,0,7.000,0.100,1.450,20.500,0.790,,0.171,
382050,1,,,0,2.100,0.100,2.000,16.050,0.440,,0.065,
382080,0,0,4,1,5.000,0.340,0.840,6.350,0.670,,0.394,12
382090,0,0,4,1,3.000,0.150,0.930,6.450,0.620,,0.233,31
382100,0,,,0,6.000,0.300,2.000,23.000,0.720,,0.130,
382100,0,,1,0,6.500,0.450,2.100,23.250,0.730,,0.140,
383020,0,0,4,1,,,1.490,9.100,,3.680,0.445,21
383030,1,0,4,1,,,2.150,4.510,0.690,1.650,0.041,2
383030,0,,1,0,13.000,0.215,3.900,31.500,0.330,,0.206,
383060,0,,,0,1.140,0.210,0.190,1.270,0.790,,0.449,
384010,0,0,4,1,9.000,0.600,2.780,12.150,0.640,1.260,0.430,22
384010,1,1,4,1,0.500,0.150,1.610,2.340,0.550,1.110,0.166,22
384020,0,0,4,1,,,0.950,4.325,,1.750,0.077,14
385050,0,0,4,1,,,0.820,3.710,,2.180,0.111,9
386010,0,0,1,1,0.420,0.060,1.420,3.325,0.700,1.320,0.095,0
386020,0,0,4,1,3.515,0.250,0.750,3.915,0.500,1.540,0.449,5
390020,0,,,0,0.550,0.160,4.290,30.275,0.550,,0.009,
390023,0,,1,0,4.500,0.200,1.300,9.050,0.680,,0.249,
390030,0,,,0,10.300,0.450,0.775,19.150,0.590,,0.269,
390031,0,,,0,0.350,0.035,0.155,0.545,0.610,,0.321,
