West Eifel Volcanic Field,Germany,210010
Chaine des Puys,France,210020
Olot Volcanic Field,Spain,210030
Calatrava Volcanic Field,Spain,210040
Larderello,Italy,211001
Vulsini,Italy,211003
Colli Albani,Italy,211004
Campi Flegrei,Italy,211010
Vesuvius,Italy,211020
Ischia,Italy,211030
Palinuro,Italy,211031
Stromboli,Italy,211040
Panarea,Italy,211041
Lipari,Italy,211042
Vulcano,Italy,211050
Etna,Italy,211060
Campi Flegrei Mar Sicilia,Italy,211070
Pantelleria,Italy,211071
Marsili,Italy,211080
Methana,Greece,212020
Milos,Greece,212030
Santorini,Greece,212040
Nisyros,Greece,212050
Yali,Greece,212051
Kula,Turkey,213000
Karapinar Field,Turkey,213001
Hasan Dagi,Turkey,213002
Gollu Dag,Turkey,213003
Acigol-Nevsehir,Turkey,213004
Erciyes Dagi,Turkey,213010
Karaca Dag,Turkey,213011
Nemrut Dagi,Turkey,213020
Tenduruk Dagi,Turkey,213030
Ararat,Turkey,213040
Elbrus,Russia,214010
Kazbek,Georgia,214020
Samsari Volcanic Center,Georgia,214050
Aragats,Armenia,214060
Ghegam Ridge,Armenia,214070
Dar-Alages,Armenia,214080
Porak,Armenia-Azerbaijan,214090
Tskhouk-Karckar,Armenia-Azerbaijan,214100
"Tair, Jebel at",Yemen,221010
Zubair Group,Yemen,221020
Zukur,Yemen,221021
Hanish,Yemen,221022
Jalua,Eritrea,221030
Alid,Eritrea,221040
Dallol,Ethiopia,221041
Gada Ale,Ethiopia,221050
Alu-Dalafilla,Ethiopia,221060
Bora Ale,Ethiopia,221071
Erta Ale,Ethiopia,221080
Ale Bagu,Ethiopia,221090
Hayli Gubbi,Ethiopia,221091
Dubbi,Eritrea,221100
Nabro,Eritrea,221101
Mallahle,Ethiopia-Eritrea,221102
Sork Ale,Ethiopia-Eritrea,221103
Asavyo,Ethiopia,221104
Mat Ala,Ethiopia,221105
Tat Ali,Ethiopia,221106
Borawli,Ethiopia,221107
Afdera,Ethiopia,221110
Ma Alalta,Ethiopia,221111
Alayta,Ethiopia,221112
Dabbahu,Ethiopia,221113
Dabbayra,Ethiopia,221114
Manda Hararo,Ethiopia,221115
Groppo,Ethiopia,221116
Kurub,Ethiopia,221120
Borawli,Ethiopia,221121
Manda-Inakir,Ethiopia-Djibouti,221122
Mousa Alli,Ethiopia-Eritrea-Djibouti,221123
Gufa,Eritrea-Djibouti,221124
Assab Volcanic Field,Eritrea,221125
Ardoukoba,Djibouti,221126
Manda Gargori,Ethiopia,221127
Dama Ali,Ethiopia,221141
Gabillema,Ethiopia,221150
Yangudi,Ethiopia,221151
Ayelu,Ethiopia,221160
Adwa,Ethiopia,221170
Hertali,Ethiopia,221171
Liado Hayk,Ethiopia,221172
Dofan,Ethiopia,221180
Fentale,Ethiopia,221190
Beru,Ethiopia,221191
Kone,Ethiopia,221200
Unnamed,Ethiopia,221201
Boset-Bericha,Ethiopia,221210
Bishoftu Volcanic Field,Ethiopia,221220
Sodore,Ethiopia,221222
Gedamsa,Ethiopia,221230
Bora-Bericcio,Ethiopia,221240
Tullu Moje,Ethiopia,221250
Unnamed,Ethiopia,221251
East Zway,Ethiopia,221252
Butajiri-Silti Field,Ethiopia,221260
Alutu,Ethiopia,221270
O'a Caldera,Ethiopia,221280
Corbetti Caldera,Ethiopia,221290
Bilate River Field,Ethiopia,221291
Tepi,Ethiopia,221292
Hobicha Caldera,Ethiopia,221293
Chiracha,Ethiopia,221300
Tosa Sucha,Ethiopia,221310
Unnamed,Ethiopia,221311
Korath Range,Ethiopia,221320
Mega Basalt Field,Ethiopia-Kenya,221330
North Island,Kenya,222001
Central Island,Kenya,222010
South Island,Kenya,222020
Marsabit,Kenya,222021
"Barrier, The",Kenya,222030
Namarunu,Kenya,222040
Segererua Plateau,Kenya,222050
Emuruangogolak,Kenya,222051
Silali,Kenya,222052
Paka,Kenya,222053
Korosi,Kenya,222054
Ol Kokwe,Kenya,222055
Nyambeni Hills,Kenya,222056
Menengai,Kenya,222060
Homa Mountain,Kenya,222070
Elmenteita Badlands,Kenya,222071
"Eburru, Ol Doinyo",Kenya,222080
Olkaria,Kenya,222090
Longonot,Kenya,222100
Suswa,Kenya,222110
"Lengai, Ol Doinyo",Tanzania,222120
Chyulu Hills,Kenya,222130
Meru,Tanzania,222160
Igwisi Hills,Tanzania,222161
Ngozi,Tanzania,222164
Rungwe,Tanzania,222166
Kyejo,Tanzania,222170
Fort Portal,Uganda,223001
Kyatwa,Uganda,223002
Katwe-Kikorongo,Uganda,223003
Bunyaruguru,Uganda,223004
Katunga,Uganda,223005
Nyamuragira,DR Congo,223020
Nyiragongo,DR Congo,223030
Karisimbi,DR Congo-Rwanda,223040
Visoke,DR Congo-Rwanda,223050
Muhavura,Uganda-Rwanda,223060
Bufumbira,Uganda,223070
Tshibinda,DR Congo,223080
San Carlos,Equatorial Guinea,224002
San Joaquin,Equatorial Guinea,224003
Santa Isabel,Equatorial Guinea,224004
Cameroon,Cameroon,224010
Tombel Graben,Cameroon,224011
Oku Volcanic Field,Cameroon,224030
Todra Volcanic Field,Niger,225001
Tin Zaouatene Volcanic Field,Mali,225002
Tahalra Volcanic Field,Algeria,225004
Atakor Volcanic Field,Algeria,225005
Manzaz Volcanic Field,Algeria,225006
"Toh, Tarso",Chad,225009
"Tousside, Tarso",Chad,225010
"Voon, Tarso",Chad,225020
"Koussi, Emi",Chad,225021
"Marra, Jebel",Sudan,225030
Kutum Volcanic Field,Sudan,225040
Meidob Volcanic Field,Sudan,225050
Bayuda Volcanic Field,Sudan,225060
Sharat Kovakab,Syria,230010
Harrat Ash Shamah,Syria-Jordan-Saudi Arabia,231001
"Rahah, Harrat ar",Saudi Arabia,231010
"Uwayrid, Harrat",Saudi Arabia,231020
"Lunayyir, Harrat",Saudi Arabia,231040
"Ithnayn, Harrat",Saudi Arabia,231050
"Khaybar, Harrat",Saudi Arabia,231060
"Rahat, Harrat",Saudi Arabia,231070
"Kishb, Harrat",Saudi Arabia,231071
"Birk, Harrat al",Saudi Arabia,231072
"Yar, Jabal",Saudi Arabia,231080
"Arhab, Harra of",Yemen,231090
"Marha, Jabal el-",Yemen,231100
"Haylan, Jabal",Yemen,231110
"Dhamar, Harras of",Yemen,231120
"Sawad, Harra Es-",Yemen,231160
"Bal Haf, Harra of",Yemen,231170
Bir Borhut,Yemen,231180
Sahand,Iran,232001
Sabalan,Iran,232002
Damavand,Iran,232010
Bazman,Iran,232030
Kuh-e Nader,Iran,232040
Taftan,Iran,232050
"Grille, La",Comoros,233001
Mayotte Island,France,233005
Karthala,Comoros,233010
Ambre-Bobaomby,Madagascar,233011
Nosy-Be,Madagascar,233012
Ankaizina Field,Madagascar,233013
Itasy Volcanic Field,Madagascar,233014
Vakinankaratra,Madagascar,233015
"Fournaise, Piton de la",France,233020
Boomerang Seamount,France,234000
Amsterdam Island,France,234001
St. Paul,France,234002
Heard,Australia,234010
McDonald Islands,Australia,234011
Kerguelen Islands,France,234020
"Est, Ile de l'",France,234030
"Possession, Ile de la",France,234040
"Cochons, Ile aux",France,234050
Prince Edward Island,South Africa,234060
Marion Island,South Africa,234070
Kaikohe-Bay of Islands,New Zealand,241010
Whangarei,New Zealand,241011
Auckland Field,New Zealand,241020
Mayor Island,New Zealand,241021
Taranaki [Egmont],New Zealand,241030
White Island,New Zealand,241040
Okataina,New Zealand,241050
Reporoa,New Zealand,241060
Maroa,New Zealand,241061
Taupo,New Zealand,241070
Tongariro,New Zealand,241080
Ruapehu,New Zealand,241100
Clark,New Zealand,241101
Tangaroa,New Zealand,241102
Rumble V,New Zealand,241110
Rumble IV,New Zealand,241120
Rumble III,New Zealand,241130
Rumble II West,New Zealand,241131
Healy,New Zealand,241140
Brothers,New Zealand,241150
Wright,New Zealand,242001
Havre Seamount,New Zealand,242005
Curtis Island,New Zealand,242010
Macauley,New Zealand,242021
Giggenbach,New Zealand,242022
Raoul Island,New Zealand,242030
Monowai,New Zealand,242050
Unnamed,Undersea Features,243001
Unnamed,Tonga,243010
Unnamed,Tonga,243011
Unnamed,Tonga,243030
Hunga Tonga-Hunga Ha'apai,Tonga,243040
Fonuafo'ou,Tonga,243050
Tofua,Tonga,243060
Kao,Tonga,243061
Metis Shoal,Tonga,243070
Home Reef,Tonga,243080
Late,Tonga,243090
Unnamed,Tonga,243091
Fonualei,Tonga,243100
Tafahi,Tonga,243101
Curacoa,Tonga,243102
Niuafo'ou,Tonga,243110
Dugong,Tonga,243111
Lobster,Tonga,243112
Tafu-Maka,Tonga,243120
West Mata,Tonga,243130
Niuatahi,Tonga,243140
Vailulu'u,United States,244000
Ta'u,United States,244001
Ofu-Olosega,United States,244010
Tutuila,United States,244020
Upolu,Samoa,244030
Savai'i,Samoa,244040
Wallis Islands,France,244050
Taveuni,Fiji,245010
Koro,Fiji,245020
Nabukelevu,Fiji,245030
St. Andrew Strait,Papua New Guinea,250010
Baluan,Papua New Guinea,250020
Central Bismarck Sea,Papua New Guinea,250030
Blup Blup,Papua New Guinea,251001
Kadovar,Papua New Guinea,251002
Bam,Papua New Guinea,251010
Boisa,Papua New Guinea,251011
Manam,Papua New Guinea,251020
Karkar,Papua New Guinea,251030
Hankow Reef,Papua New Guinea,251041
Long Island,Papua New Guinea,251050
Umboi,Papua New Guinea,251060
Ritter Island,Papua New Guinea,251070
Sakar,Papua New Guinea,251080
Langila,Papua New Guinea,252010
Mundua,Papua New Guinea,252021
Garove,Papua New Guinea,252030
Dakataua,Papua New Guinea,252040
Bola,Papua New Guinea,252050
Garua Harbour,Papua New Guinea,252060
Krummel-Garbuna-Welcker,Papua New Guinea,252070
Lolo,Papua New Guinea,252071
Witori,Papua New Guinea,252080
Sulu Range,Papua New Guinea,252090
Hargy,Papua New Guinea,252100
Bamus,Papua New Guinea,252110
Ulawun,Papua New Guinea,252120
Lolobau,Papua New Guinea,252130
Rabaul,Papua New Guinea,252140
Tavui,Papua New Guinea,252150
Koranga,Papua New Guinea,253003
Madilogo,Papua New Guinea,253004
Lamington,Papua New Guinea,253010
Hydrographers Range,Papua New Guinea,253011
Managlase Plateau,Papua New Guinea,253021
Victory,Papua New Guinea,253030
Sessagara,Papua New Guinea,253031
Waiowa,Papua New Guinea,253040
Goodenough,Papua New Guinea,253041
Iamalele,Papua New Guinea,253050
Dawson Strait Group,Papua New Guinea,253060
Lihir,Papua New Guinea,254010
Ambitle,Papua New Guinea,254020
Tore,Papua New Guinea,255000
Balbi,Papua New Guinea,255010
Billy Mitchell,Papua New Guinea,255011
Bagana,Papua New Guinea,255020
Takuan Group,Papua New Guinea,255021
Loloru,Papua New Guinea,255030
Simbo,Solomon Islands,255050
Kana Keoki,Solomon Islands,255052
Coleman Seamount,Solomon Islands,255053
Kavachi,Solomon Islands,255060
Unnamed,Solomon Islands,255061
Gallego,Solomon Islands,255062
Savo,Solomon Islands,255070
Tinakula,Solomon Islands,256010
Motlav,Vanuatu,257001
Suretamatai,Vanuatu,257010
Gaua,Vanuatu,257020
Mere Lava,Vanuatu,257021
Ambae,Vanuatu,257030
Ambrym,Vanuatu,257040
Lopevi,Vanuatu,257050
Epi,Vanuatu,257060
Kuwae,Vanuatu,257070
NE Shepherd Islands,Vanuatu,257080
North Vate,Vanuatu,257081
Traitor's Head,Vanuatu,257090
Yasur,Vanuatu,257100
Aneityum,Vanuatu,257110
Eastern Gemini Seamount,France,258001
Matthew Island,France,258010
Hunter Island,France,258020
Newer Volcanics Province,Australia,259010
Narcondum,India,260001
Barren Island,India,260010
Seulawah Agam,Indonesia,261020
Peuet Sague,Indonesia,261030
"Telong, Bur ni",Indonesia,261050
Singkut,Indonesia,261070
Sinabung,Indonesia,261080
Toba,Indonesia,261090
Sibualbuali,Indonesia,261110
Lubukraya,Indonesia,261111
Sorikmarapi,Indonesia,261120
Malintang,Indonesia,261121
Talakmau,Indonesia,261130
Sarik-Gajah,Indonesia,261131
Marapi,Indonesia,261140
Tandikat-Singgalang,Indonesia,261150
Talang,Indonesia,261160
Kerinci,Indonesia,261170
Sumbing,Indonesia,261180
Hululais,Indonesia,261200
"Daun, Bukit",Indonesia,261210
Kaba,Indonesia,261220
Dempo,Indonesia,261230
Patah,Indonesia,261231
Ranau,Indonesia,261251
Sekincau Belirang,Indonesia,261260
Suoh,Indonesia,261270
Hulubelu,Indonesia,261280
Rajabasa,Indonesia,261290
Krakatau,Indonesia,262000
Pulosari,Indonesia,263010
Karang,Indonesia,263020
Perbakti-Gagak,Indonesia,263040
Salak,Indonesia,263050
Gede-Pangrango,Indonesia,263060
Patuha,Indonesia,263070
Tangkubanparahu,Indonesia,263090
Papandayan,Indonesia,263100
Kendang,Indonesia,263110
Guntur,Indonesia,263130
Tampomas,Indonesia,263131
Galunggung,Indonesia,263140
Talagabodas,Indonesia,263150
Cereme,Indonesia,263170
Slamet,Indonesia,263180
Dieng Volcanic Complex,Indonesia,263200
Sundoro,Indonesia,263210
Sumbing,Indonesia,263220
Ungaran,Indonesia,263230
Telomoyo,Indonesia,263231
Merbabu,Indonesia,263240
Merapi,Indonesia,263250
Muria,Indonesia,263251
Lawu,Indonesia,263260
Wilis,Indonesia,263270
Kelut,Indonesia,263280
Kawi-Butak,Indonesia,263281
Arjuno-Welirang,Indonesia,263290
Penanggungan,Indonesia,263291
Malang Plain,Indonesia,263292
Semeru,Indonesia,263300
Tengger Caldera,Indonesia,263310
Lamongan,Indonesia,263320
Iyang-Argapura,Indonesia,263330
Raung,Indonesia,263340
Ijen,Indonesia,263350
Baluran,Indonesia,263351
Buyan-Bratan,Indonesia,264001
Batur,Indonesia,264010
Agung,Indonesia,264020
Rinjani,Indonesia,264030
Tambora,Indonesia,264040
Sangeang Api,Indonesia,264050
"Sano, Wai",Indonesia,264060
Poco Leok,Indonesia,264070
Ranakah,Indonesia,264071
Inierie,Indonesia,264080
Inielika,Indonesia,264090
Ebulobo,Indonesia,264100
Iya,Indonesia,264110
Sukaria Caldera,Indonesia,264120
Kelimutu,Indonesia,264140
Paluweh,Indonesia,264150
Egon,Indonesia,264160
Ilimuda,Indonesia,264170
Lewotobi,Indonesia,264180
Leroboleng,Indonesia,264200
Iliboleng,Indonesia,264220
Lewotolo,Indonesia,264230
Ililabalekan,Indonesia,264240
Iliwerung,Indonesia,264250
"Tara, Batu",Indonesia,264260
Sirung,Indonesia,264270
Gunungapi Wetar,Indonesia,265030
Wurlali,Indonesia,265040
Teon,Indonesia,265050
Nila,Indonesia,265060
Serua,Indonesia,265070
Manuk,Indonesia,265080
Banda Api,Indonesia,265090
Colo,Indonesia,266010
Ambang,Indonesia,266020
Soputan,Indonesia,266030
Riendengan-Sempu,Indonesia,266040
Tondano Caldera,Indonesia,266070
Lokon-Empung,Indonesia,266100
Mahawu,Indonesia,266110
Klabat,Indonesia,266120
Tangkoko-Duasudara,Indonesia,266130
Ruang,Indonesia,267010
Karangetang,Indonesia,267020
Banua Wuhu,Indonesia,267030
Awu,Indonesia,267040
Tarakan,Indonesia,268001
Dukono,Indonesia,268010
Tobaru,Indonesia,268020
Ibu,Indonesia,268030
Gamkonora,Indonesia,268040
Todoko-Ranu,Indonesia,268050
Jailolo,Indonesia,268051
Hiri,Indonesia,268052
Gamalama,Indonesia,268060
Tidore,Indonesia,268061
Mare,Indonesia,268062
Moti,Indonesia,268063
Makian,Indonesia,268070
Tigalalu,Indonesia,268071
Amasing,Indonesia,268072
Bibinoi,Indonesia,268073
Balut,Philippines,271010
Parker,Philippines,271011
Matutum,Philippines,271020
Apo,Philippines,271030
Leonard Range,Philippines,271031
Makaturing,Philippines,271040
Latukan,Philippines,271050
Ragang,Philippines,271060
Kalatungan,Philippines,271061
Musuan,Philippines,271070
Malindang,Philippines,271071
Camiguin,Philippines,271080
Cuernos de Negros,Philippines,272010
Kanlaon,Philippines,272020
Mandalagan,Philippines,272030
Silay,Philippines,272040
Cabalían,Philippines,272050
Mahagnao,Philippines,272070
Biliran,Philippines,272080
Bulusan,Philippines,273010
Pocdol Mountains,Philippines,273020
Mayon,Philippines,273030
Masaraga,Philippines,273031
Iriga,Philippines,273041
Isarog,Philippines,273042
Malindig,Philippines,273044
Banahaw,Philippines,273050
San Pablo Volcanic Field,Philippines,273060
Taal,Philippines,273070
Laguna Caldera,Philippines,273080
Mariveles,Philippines,273081
Natib,Philippines,273082
Pinatubo,Philippines,273083
Arayat,Philippines,273084
Amorong,Philippines,273085
Patoc,Philippines,273087
Ambalatungan Group,Philippines,273088
Cagua,Philippines,273090
Camiguin de Babuyanes,Philippines,274010
Didicas,Philippines,274020
Babuyan Claro,Philippines,274030
Unnamed,Philippines,274050
Iraya,Philippines,274060
Hainan Volcanic Field,China,275001
Ly Son Group,Vietnam,275020
Toroeng Prong,Vietnam,275030
Haut Dong Nai,Vietnam,275040
Bas Dong Nai,Vietnam,275050
"Cendres, Ile des",Vietnam,275060
Veteran,Vietnam,275070
Popa,Burma (Myanmar),275080
Singu Plateau,Burma (Myanmar),275100
Tengchong,China,275110
Unnamed,Taiwan,281020
Unnamed,Taiwan,281030
Kueishantao,Taiwan,281031
Tatun Group,Taiwan,281032
Submarine Volcano NNE of Iriomotejima,Japan,282010
Io-Torishima,Japan,282020
Yokoate-jima,Japan,282021
Akusekijima,Japan,282022
Suwanosejima,Japan,282030
Nakanoshima,Japan,282040
Kuchinoshima,Japan,282043
Kuchinoerabujima,Japan,282050
Kikai,Japan,282060
Ata,Japan,282070
Aira,Japan,282080
Yonemaru-Sumiyoshiike,Japan,282081
Kirishimayama,Japan,282090
Fukue,Japan,282091
Unzendake,Japan,282100
Asosan,Japan,282110
Kujusan,Japan,282120
Yufu-Tsurumi,Japan,282130
Abu,Japan,283001
Sanbesan,Japan,283002
Oki-Dogo,Japan,283003
Izu-Tobu,Japan,283010
Hakoneyama,Japan,283020
Fujisan,Japan,283030
Yokodake,Japan,283031
Ontakesan,Japan,283040
Hakusan,Japan,283050
Norikuradake,Japan,283060
Akandanayama,Japan,283069
Yakedake,Japan,283070
Washiba-Kumonotaira,Japan,283071
Midagahara,Japan,283080
Niigata-Yakeyama,Japan,283090
Myokosan,Japan,283100
Asamayama,Japan,283110
Kusatsu-Shiranesan,Japan,283120
Shiga,Japan,283121
Harunasan,Japan,283122
Akagisan,Japan,283130
Hiuchigatake,Japan,283131
Nikko-Shiranesan,Japan,283140
Nantai,Japan,283141
Omanago Group,Japan,283142
Takaharayama,Japan,283143
Nasudake,Japan,283150
Numazawa,Japan,283151
Bandaisan,Japan,283160
Adatarayama,Japan,283170
Azumayama,Japan,283180
Zaozan,Japan,283190
Hijiori,Japan,283191
Naruko,Japan,283200
Kurikomayama,Japan,283210
Chokaisan,Japan,283220
Akita-Komagatake,Japan,283230
Iwatesan,Japan,283240
Hachimantai,Japan,283250
Akita-Yakeyama,Japan,283260
Megata,Japan,283262
Iwakisan,Japan,283270
Towada,Japan,283271
Hakkodasan,Japan,283280
Osorezan,Japan,283290
Izu-Oshima,Japan,284010
Toshima,Japan,284011
Niijima,Japan,284020
Kozushima,Japan,284030
Miyakejima,Japan,284040
Mikurajima,Japan,284041
Kurose Hole,Japan,284042
Hachijojima,Japan,284050
Aogashima,Japan,284060
Kita-Bayonnaise,Japan,284061
Myojinsho,Japan,284070
Sumisujima,Japan,284080
Izu-Torishima,Japan,284090
Sofugan,Japan,284091
Suiyo Seamount,Japan,284093
Mokuyo Seamount,Japan,284094
Doyo Seamount,Japan,284095
Nishinoshima,Japan,284096
Kaikata Seamount,Japan,284097
Kaitoku Seamount,Japan,284100
Kita-Ioto,Japan,284110
Ioto,Japan,284120
Kita-Fukutokutai,Japan,284121
Fukutoku-Oka-no-Ba,Japan,284130
Minami-Hiyoshi,Japan,284131
Nikko,Japan,284132
Fukujin,United States,284133
Kasuga 1,United States,284134
Kasuga 2,United States,284135
NW Eifuku,United States,284136
Daikoku,United States,284137
Farallon de Pajaros,United States,284140
Ahyi,United States,284141
Supply Reef,United States,284142
Maug Islands,United States,284143
Asuncion,United States,284150
Agrigan,United States,284160
Pagan,United States,284170
Alamagan,United States,284180
Guguan,United States,284190
Zealandia Bank,United States,284191
Sarigan,United States,284192
South Sarigan Seamount,United States,284193
Anatahan,United States,284200
East Diamante,United States,284201
Ruby,United States,284202
Esmeralda Bank,United States,284210
NW Rota-1,United States,284211
Forecast Seamount,United States,284220
Seamount X,United States,284230
Mariana Back-Arc Segment at 15.5°N,United States,284305
Oshima-Oshima,Japan,285010
Esan,Japan,285011
Hokkaido-Komagatake,Japan,285020
Toya,Japan,285030
Niseko,Japan,285031
Yoteizan,Japan,285032
Kuttara,Japan,285034
Shikotsu,Japan,285040
Rishirizan,Japan,285041
Tokachidake,Japan,285050
Taisetsuzan,Japan,285060
Maruyama,Japan,285061
Shikaribetsu Group,Japan,285062
Akan,Japan,285070
Kussharo,Japan,285080
Mashu,Japan,285081
Rausudake,Japan,285082
Tenchozan,Japan,285083
Shiretoko-Iozan,Japan,285090
Tomariyama [Golovnin],Japan - administered by Russia,290010
Raususan [Mendeleev],Japan - administered by Russia,290020
Ruruidake [Smirnov],Japan - administered by Russia,290021
Chachadake [Tiatia],Japan - administered by Russia,290030
Berutarubesan [Berutarube],Japan - administered by Russia,290040
Moekeshiwan [Lvinaya Past],Japan - administered by Russia,290041
Etorofu-Atosanupuri [Atosanupuri],Japan - administered by Russia,290050
Nishihitokappuyama [Bogatyr Ridge],Japan - administered by Russia,290060
Unnamed,Japan - administered by Russia,290061
Etorofu-Yakeyama [Grozny Group],Japan - administered by Russia,290070
Odamoisan [Tebenkov],Japan - administered by Russia,290072
Sashiusudake [Baransky],Japan - administered by Russia,290080
Chirippusan [Chirip],Japan - administered by Russia,290090
Rucharuyama [Golets-Tornyi Group],Japan - administered by Russia,290091
Moyorodake [Medvezhia],Japan - administered by Russia,290100
Rakkibetsudake [Demon],Japan - administered by Russia,290110
Ivao Group,Russia,290111
Rudakov,Russia,290112
Tri Sestry,Russia,290113
Kolokol Group,Russia,290120
Chirpoi,Russia,290150
Unnamed,Russia,290160
Milna,Russia,290161
Zavaritzki Caldera,Russia,290180
Prevo Peak,Russia,290190
Uratman,Russia,290191
Ketoi,Russia,290200
Ushishur,Russia,290210
Srednii,Russia,290211
Rasshua,Russia,290220
Sarychev Peak,Russia,290240
Raikoke,Russia,290250
Chirinkotan,Russia,290260
Ekarma,Russia,290270
Sinarka,Russia,290290
Kharimkotan,Russia,290300
Tao-Rusyr Caldera,Russia,290310
Nemo Peak,Russia,290320
Shirinki,Russia,290331
Fuss Peak,Russia,290340
Karpinsky Group,Russia,290350
Chikurachki,Russia,290360
Vernadskii Ridge,Russia,290370
Ebeko,Russia,290380
Alaid,Russia,290390
Mashkovtsev,Russia,300001
Kambalny,Russia,300010
Koshelev,Russia,300020
Yavinsky,Russia,300021
Diky Greben,Russia,300022
Kurile Lake,Russia,300023
Iliinsky,Russia,300030
Zheltovsky,Russia,300040
Kell,Russia,300041
Belenkaya,Russia,300042
Ksudach,Russia,300050
Ozernoy,Russia,300051
Olkoviy Volcanic Group,Russia,300052
Khodutka,Russia,300053
Piratkovsky,Russia,300054
Ostanets,Russia,300055
Otdelniy,Russia,300056
Golaya,Russia,300057
Asacha,Russia,300058
Visokiy,Russia,300059
Mutnovsky,Russia,300060
Gorely,Russia,300070
Opala,Russia,300080
Tolmachev Dol,Russia,300082
Vilyuchik,Russia,300083
Barkhatnaya Sopka,Russia,300084
Bolshe-Bannaya,Russia,300087
Koryaksky,Russia,300090
Avachinsky,Russia,300100
Dzenzursky,Russia,300110
Zhupanovsky,Russia,300120
Veer,Russia,300121
Kostakan,Russia,300122
Bakening,Russia,300123
Zavaritsky,Russia,300124
Akademia Nauk,Russia,300125
Karymsky,Russia,300130
Maly Semyachik,Russia,300140
Bolshoi Semiachik,Russia,300150
Taunshits,Russia,300160
Uzon,Russia,300170
Kikhpinych,Russia,300180
Krasheninnikov,Russia,300190
Kronotsky,Russia,300200
Schmidt,Russia,300201
Gamchen,Russia,300210
Komarov,Russia,300220
Vysoky,Russia,300221
Kizimen,Russia,300230
Tolbachik,Russia,300240
Udina,Russia,300241
Zimina,Russia,300242
Bezymianny,Russia,300250
Kamen,Russia,300251
Klyuchevskoy,Russia,300260
Ushkovsky,Russia,300261
Sheveluch,Russia,300270
Piip,Russia,300271
Khangar,Russia,300272
Cherpuk Group,Russia,300273
Ichinsky,Russia,300280
Maly Payalpan,Russia,300290
Bolshoi Payalpan,Russia,300300
Plosky,Russia,300310
Akhtang,Russia,300320
Kozyrevsky,Russia,300330
Romanovka,Russia,300340
Uksichan,Russia,300350
Bolshoi-Kekuknaysky,Russia,300360
Kulkev,Russia,300370
Geodesistoy,Russia,300380
Anaun,Russia,300390
Krainy,Russia,300400
Kekurny,Russia,300410
Eggella,Russia,300420
Verkhovoy,Russia,300440
Alney-Chashakondzha,Russia,300450
Cherny,Russia,300460
Pogranychny,Russia,300470
Zaozerny,Russia,300480
Bliznets,Russia,300490
Kebeney,Russia,300500
Fedotych,Russia,300510
Shisheika,Russia,300511
Terpuk,Russia,300512
Sedankinsky,Russia,300520
Leutongey,Russia,300530
Tuzovsky,Russia,300540
Gorny Institute,Russia,300550
Kinenin,Russia,300551
Bliznetsy,Russia,300552
Titila,Russia,300560
Mezhdusopochny,Russia,300570
Shishel,Russia,300580
Elovsky,Russia,300590
Alngey,Russia,300600
Uka,Russia,300610
Kaileney,Russia,300620
Plosky,Russia,300630
Bely,Russia,300640
Nylgimelkin,Russia,300650
Snezhniy,Russia,300660
Iktunup,Russia,300670
Spokoiny,Russia,300671
Ostry,Russia,300680
Snegovoy,Russia,300690
Severny,Russia,300700
Iettunup,Russia,300710
Voyampolsky,Russia,300720
Udokan Plateau,Russia,302030
Vitim Plateau,Russia,302040
Tunkin Depression,Russia,302050
Jom-Bolok,Russia,302060
Azas Plateau,Russia,302070
Taryatu-Chulutu,Mongolia,303010
Khanuy Gol,Mongolia,303020
Bus-Obo,Mongolia,303030
Dariganga Volcanic Field,Mongolia,303040
Middle Gobi,Mongolia,303050
Kunlun Volcanic Group,China,304030
Honggeertu,China,305010
Arxan-Chaihe,China,305011
Keluo Group,China,305020
Wudalianchi,China,305030
Jingbo,China,305040
Longgang Group,China,305050
Changbaishan,China-North Korea,305060
Ch'uga-ryong,North Korea-South Korea,306020
Ulreung,South Korea,306030
Halla,South Korea,306040
Buldir,United States,311010
Kiska,United States,311020
Segula,United States,311030
Davidof,United States,311040
Little Sitkin,United States,311050
Semisopochnoi,United States,311060
Gareloi,United States,311070
Tanaga,United States,311080
Takawangha,United States,311090
Bobrof,United States,311100
Kanaga,United States,311110
Moffett,United States,311111
Great Sitkin,United States,311120
Kasatochi,United States,311130
Koniuji,United States,311140
Atka,United States,311160
Korovin,United States,311161
Seguam,United States,311180
Amukta,United States,311190
Chagulak,United States,311200
Yunaska,United States,311210
Herbert,United States,311220
Carlisle,United States,311230
Cleveland,United States,311240
Tana,United States,311241
Uliaga,United States,311250
Kagamil,United States,311260
Vsevidof,United States,311270
Recheschnoi,United States,311280
Okmok,United States,311290
Bogoslof,United States,311300
Makushin,United States,311310
Akutan,United States,311320
Westdahl,United States,311340
Fisher,United States,311350
Shishaldin,United States,311360
Isanotski,United States,311370
Roundtop,United States,311380
Amak,United States,311390
Frosty,United States,312010
Dutton,United States,312011
Emmons Lake,United States,312020
Pavlof,United States,312030
Pavlof Sister,United States,312040
Dana,United States,312050
Stepovak Bay 2,United States,312051
Stepovak Bay 3,United States,312052
Stepovak Bay 4,United States,312053
Kupreanof,United States,312060
Veniaminof,United States,312070
Black Peak,United States,312080
Aniakchak,United States,312090
Yantarni,United States,312100
Chiginagak,United States,312110
Kialagvik,United States,312120
Ugashik-Peulik,United States,312130
Ukinrek Maars,United States,312131
Unnamed,United States,312132
Martin,United States,312140
Mageik,United States,312150
Trident,United States,312160
Katmai,United States,312170
Novarupta,United States,312180
Griggs,United States,312190
Snowy Mountain,United States,312200
Denison,United States,312210
Steller,United States,312220
Kukak,United States,312230
Kaguyak,United States,312250
Fourpeaked,United States,312260
Douglas,United States,312270
Augustine,United States,313010
Iliamna,United States,313020
Redoubt,United States,313030
Spurr,United States,313040
Hayes,United States,313050
St. Paul Island,United States,314010
Ingakslugwat Hills,United States,314030
St. Michael,United States,314040
Imuruk Lake,United States,314060
Buzzard Creek,United States,315001
Wrangell,United States,315020
Churchill,United States,315030
Edgecumbe,United States,315040
Duncan Canal,United States,315050
Tlevak Strait-Suemez Is.,United States,315060
Behm Canal-Rudyerd Bay,United States,315070
Fort Selkirk,Canada,320010
Alligator Lake,Canada,320020
Atlin Volcanic Field,Canada,320030
Tuya Volcanic Field,Canada,320031
Heart Peaks,Canada,320040
Level Mountain,Canada,320050
Edziza,Canada,320060
Spectrum Range,Canada,320070
Hoodoo Mountain,Canada,320080
Iskut-Unuk River Cones,Canada,320090
Tseax River Cone,Canada,320100
Crow Lagoon,Canada,320110
Milbanke Sound Group,Canada,320120
Nazko,Canada,320140
Wells Gray-Clearwater,Canada,320150
Silverthrone,Canada,320160
Bridge River Cones,Canada,320170
Meager,Canada,320180
Garibaldi Lake,Canada,320190
Garibaldi,Canada,320200
Cayley Volcanic Field,Canada,320811
Baker,United States,321010
Glacier Peak,United States,321020
Rainier,United States,321030
Adams,United States,321040
St. Helens,United States,321050
West Crater,United States,321060
Indian Heaven,United States,321070
Hood,United States,322010
Jefferson,United States,322020
Blue Lake Crater,United States,322030
Sand Mountain Field,United States,322040
Belknap,United States,322060
Three Sisters,United States,322070
Bachelor,United States,322090
Davis Lake,United States,322100
Newberry,United States,322110
Devils Garden,United States,322120
Cinnamon Butte,United States,322150
Crater Lake,United States,322160
Diamond Craters,United States,322170
Jordan Craters,United States,322190
Shasta,United States,323010
Medicine Lake,United States,323020
Lassen Volcanic Center,United States,323080
Clear Lake,United States,323100
Mono Lake Volcanic Field,United States,323110
Mono-Inyo Craters,United States,323120
Mammoth Mountain,United States,323150
Ubehebe Craters,United States,323160
Golden Trout Creek,United States,323170
Lavic Lake,United States,323190
Salton Buttes,United States,323200
Black Butte Crater Lava Field,United States,324010
Craters of the Moon,United States,324020
Wapi Lava Field,United States,324030
Hell's Half Acre,United States,324040
Yellowstone,United States,325010
Soda Lakes,United States,326010
Markagunt Plateau,United States,327040
Black Rock Desert,United States,327050
Carrizozo,United States,327110
Zuni-Bandera,United States,327120
Red Hill,United States,327812
Dotsero,United States,328010
Uinkaret Field,United States,329010
San Francisco Volcanic Field,United States,329020
West Valley Segment,Canada,331005
Endeavour Segment,Canada,331010
Cobb Segment,Canada,331011
CoAxial Segment,Undersea Features,331020
Axial Seamount,Undersea Features,331021
Cleft Segment,Undersea Features,331030
North Gorda Ridge Segment,Undersea Features,331031
Jackson Segment,Undersea Features,331032
Escanaba Segment,Undersea Features,331040
East Blanco Depression,Undersea Features,331060
Loihi,United States,332000
Kilauea,United States,332010
Mauna Loa,United States,332020
Mauna Kea,United States,332030
Hualalai,United States,332040
Haleakala,United States,332060
Teahitia,France,333010
Rocard,France,333020
Moua Pihaa,France,333030
Mehetia,France,333040
Adams Seamount,Undersea Features,333050
Macdonald,Undersea Features,333060
Northern EPR at 17°N,Undersea Features,334020
Northern EPR at 16°N,Undersea Features,334021
Northern EPR at 10.7°N,Undersea Features,334040
Northern EPR at 9.8°N,Undersea Features,334050
Galapagos Rift,Undersea Features,334070
Southern EPR at 8°S,Undersea Features,334100
Southern EPR-Segment K,Undersea Features,334120
Southern EPR-Segment J,Undersea Features,334130
Southern EPR-Segment I,Undersea Features,334140
Hollister Ridge,Undersea Features,335020
Udintsev Transform,Undersea Features,335030
"Prieto, Cerro",Mexico,341000
Pinacate,Mexico,341001
San Quintin Volcanic Field,Mexico,341002
"San Luis, Isla",Mexico,341003
Jaraguay Volcanic Field,Mexico,341004
Coronado,Mexico,341005
Guadalupe,Mexico,341006
San Borja Volcanic Field,Mexico,341007
Tres Virgenes,Mexico,341010
"Tortuga, Isla",Mexico,341011
Comondu-La Purisima,Mexico,341012
Barcena,Mexico,341020
Socorro,Mexico,341021
Durango Volcanic Field,Mexico,341022
"Isabel, Isla",Mexico,341023
Sanganguey,Mexico,341024
Ceboruco,Mexico,341030
Mascota Volcanic Field,Mexico,341031
Colima,Mexico,341040
Michoacan-Guanajuato,Mexico,341060
Zitacuaro-Valle de Bravo,Mexico,341061
Jocotitlan,Mexico,341062
"Toluca, Nevado de",Mexico,341070
Chichinautzin,Mexico,341080
Papayo,Mexico,341081
Iztaccihuatl,Mexico,341082
Popocatepetl,Mexico,341090
"Malinche, La",Mexico,341091
Serdan-Oriental,Mexico,341092
"Humeros, Los",Mexico,341093
"Atlixcos, Los",Mexico,341094
Naolinco Volcanic Field,Mexico,341095
Cofre de Perote,Mexico,341096
"Gloria, La",Mexico,341097
"Cumbres,  Las",Mexico,341098
"Orizaba, Pico de",Mexico,341100
San Martin,Mexico,341110
"Chichon, El",Mexico,341120
Tacana,Mexico-Guatemala,341130
Tajumulco,Guatemala,342020
Santa Maria,Guatemala,342030
Almolonga,Guatemala,342040
Atitlan,Guatemala,342060
Toliman,Guatemala,342070
Acatenango,Guatemala,342080
Fuego,Guatemala,342090
Agua,Guatemala,342100
Pacaya,Guatemala,342110
Cuilapa-Barbarena,Guatemala,342111
Tecuamburro,Guatemala,342120
Jumaytepeque,Guatemala,342121
Moyuta,Guatemala,342130
Flores,Guatemala,342140
Tahual,Guatemala,342141
"Santiago, Cerro",Guatemala,342150
Suchitan,Guatemala,342160
Chingo,Guatemala-El Salvador,342170
Ixtepeque,Guatemala,342180
Ipala,Guatemala,342190
Chiquimula Volcanic Field,Guatemala,342200
Quezaltepeque,Guatemala,342210
San Diego,El Salvador-Guatemala,343001
"Singuil, Cerro",El Salvador,343002
Apaneca Range,El Salvador,343010
Santa Ana,El Salvador,343020
Izalco,El Salvador,343030
Coatepeque Caldera,El Salvador,343041
San Salvador,El Salvador,343050
"Cinotepeque, Cerro",El Salvador,343051
Guazapa,El Salvador,343052
Ilopango,El Salvador,343060
San Vicente,El Salvador,343070
Apastepeque Field,El Salvador,343071
Taburete,El Salvador,343072
Tecapa,El Salvador,343080
Usulutan,El Salvador,343081
"Tigre, El",El Salvador,343082
Chinameca,El Salvador,343090
San Miguel,El Salvador,343100
"Aramuaca, Laguna",El Salvador,343101
"Tigre, Isla el",Honduras,343130
"Zacate Grande, Isla",Honduras,343140
"Yojoa, Lake",Honduras,343150
Utila Island,Honduras,343160
Cosiguina,Nicaragua,344010
San Cristobal,Nicaragua,344020
Telica,Nicaragua,344040
Rota,Nicaragua,344060
"Negro, Cerro",Nicaragua,344070
"Pilas, Las",Nicaragua,344080
Momotombo,Nicaragua,344090
Apoyeque,Nicaragua,344091
Nejapa-Miraflores,Nicaragua,344092
Masaya,Nicaragua,344100
Granada,Nicaragua,344101
Mombacho,Nicaragua,344110
Zapatera,Nicaragua,344111
Concepcion,Nicaragua,344120
Esteli,Nicaragua,344131
"Ciguatepe, Cerro el",Nicaragua,344132
"Lajas, Las",Nicaragua,344133
"Azul, Volcan",Nicaragua,344140
Orosi,Costa Rica,345010
Rincon de la Vieja,Costa Rica,345020
Miravalles,Costa Rica,345030
Tenorio,Costa Rica,345031
Arenal,Costa Rica,345033
Platanar,Costa Rica,345034
Poas,Costa Rica,345040
Barva,Costa Rica,345050
Irazu,Costa Rica,345060
Turrialba,Costa Rica,345070
Baru,Panama,346010
"Valle, El",Panama,346030
Romeral,Colombia,351011
"Bravo, Cerro",Colombia,351012
"Ruiz, Nevado del",Colombia,351020
Santa Isabel,Colombia,351021
"Tolima, Nevado del",Colombia,351030
Machin,Colombia,351040
"Huila, Nevado del",Colombia,351050
Purace,Colombia,351060
Sotara,Colombia,351061
Petacas,Colombia,351062
Dona Juana,Colombia,351070
Galeras,Colombia,351080
Azufral,Colombia,351090
Cumbal,Colombia,351100
Chiles-Cerro Negro,Colombia-Ecuador,351110
Soche,Ecuador,352001
Chachimbiro,Ecuador,352002
Cuicocha,Ecuador,352003
Imbabura,Ecuador,352004
Mojanda,Ecuador,352005
Cayambe,Ecuador,352006
Reventador,Ecuador,352010
Pululagua,Ecuador,352011
Guagua Pichincha,Ecuador,352020
Atacazo,Ecuador,352021
Chacana,Ecuador,352022
Antisana,Ecuador,352030
Aliso,Ecuador,352031
Sumaco,Ecuador,352040
Illiniza,Ecuador,352041
Cotopaxi,Ecuador,352050
Quilotoa,Ecuador,352060
Chimborazo,Ecuador,352071
Tungurahua,Ecuador,352080
Licto,Ecuador,352081
Sangay,Ecuador,352090
Fernandina,Ecuador,353010
Ecuador,Ecuador,353011
Wolf,Ecuador,353020
Darwin,Ecuador,353030
Alcedo,Ecuador,353040
"Negra, Sierra",Ecuador,353050
"Azul, Cerro",Ecuador,353060
Pinta,Ecuador,353070
Marchena,Ecuador,353080
Genovesa,Ecuador,353081
Santiago,Ecuador,353090
Santa Cruz,Ecuador,353091
San Cristobal,Ecuador,353120
Quimsachata,Peru,354000
"Auquihuato, Cerro",Peru,354001
Sara Sara,Peru,354002
Coropuna,Peru,354003
Andahua-Orcopampa,Peru,354004
Huambo,Peru,354005
Sabancaya,Peru,354006
"Chachani, Nevado",Peru,354007
"Nicholson, Cerro",Peru,354008
"Misti, El",Peru,354010
Ubinas,Peru,354020
Huaynaputina,Peru,354030
Ticsani,Peru,354031
Tutupaca,Peru,354040
Yucamane,Peru,354050
"Casiri, Nevados",Peru,354060
Tacora,Chile-Peru,355010
Taapaca,Chile,355011
Parinacota,Chile-Bolivia,355012
Guallatiri,Chile,355020
Tambo Quemado,Bolivia,355021
Isluga,Chile,355030
Tata Sabaya,Bolivia,355032
"Jayu Khota, Laguna",Bolivia,355035
Jatun Mundo Quri Warani,Bolivia,355036
Irruputuncu,Chile-Bolivia,355040
Pampa Luxsar,Bolivia,355042
Olca-Paruma,Chile-Bolivia,355050
"Azufre, Cerro del",Chile,355061
San Pedro-San Pablo,Chile,355070
Putana,Chile,355090
Sairecabur,Chile-Bolivia,355091
Licancabur,Chile-Bolivia,355092
Guayaques,Chile-Bolivia,355093
Purico Complex,Chile,355094
Colachi,Chile,355095
Acamarachi,Chile,355096
"Overo, Cerro",Chile,355097
Chiliques,Chile,355098
Lascar,Chile,355100
Cordon de Puntas Negras,Chile,355101
Miniques,Chile,355102
"Tujle, Cerro",Chile,355103
Caichinque,Chile,355104
Tilocalar,Chile,355105
"Negrillar, El",Chile,355106
Pular,Chile,355107
"Negrillar, La",Chile,355108
Socompa,Chile-Argentina,355109
Llullaillaco,Chile-Argentina,355110
Escorial,Chile-Argentina,355112
Lastarria,Chile-Argentina,355120
Cordon del Azufre,Chile-Argentina,355121
"Bayo Gorbea, Cerro",Chile-Argentina,355122
"Nevada, Sierra",Chile-Argentina,355123
Falso Azufre,Chile-Argentina,355124
"Incahuasi, Nevado de",Chile-Argentina,355125
"Ojos del Salado, Nevados",Chile-Argentina,355130
"Solo, El",Chile-Argentina,355131
Tuzgle,Argentina,355150
Aracar,Argentina,355160
Unnamed,Argentina,355161
Antofagasta Volcanic Field,Argentina,355180
"Condor, El",Argentina,355190
Peinado,Argentina,355200
"Blanco, Cerro",Argentina,355210
Tipas,Argentina,355220
Easter Island,Chile,356011
Tupungatito,Chile-Argentina,357010
San Jose,Chile-Argentina,357020
Maipo,Chile-Argentina,357021
Palomo,Chile,357022
"Atuel, Caldera del",Argentina,357023
Risco Plateado,Argentina,357024
Tinguiririca,Chile,357030
Planchon-Peteroa,Chile,357040
Infiernillo,Argentina,357041
Calabozos,Chile,357042
Descabezado Grande,Chile,357050
"Azul, Cerro",Chile,357060
"Maule, Laguna del",Chile,357061
San Pedro-Pellado,Chile,357062
"Longavi, Nevado de",Chile,357063
"Blancas, Lomas",Chile,357064
"Resago, Volcan",Chile,357065
Payun Matru,Argentina,357066
Domuyo,Argentina,357067
"Chillan, Nevados de",Chile,357070
Tromen,Argentina,357072
Antuco,Chile,357080
Trolon,Argentina,357081
Copahue,Chile-Argentina,357090
Callaqui,Chile,357091
"Mariñaqui, Laguna",Chile,357092
Tolhuaca,Chile,357093
Lonquimay,Chile,357100
Tralihue,Argentina,357101
"Blanca, Laguna",Argentina,357102
Llaima,Chile,357110
Sollipulli,Chile,357111
Caburgua-Huelemolle,Chile,357112
Villarrica,Chile,357120
Quetrupillan,Chile,357121
Lanin,Chile-Argentina,357122
Huanquihue Group,Argentina,357123
Mocho-Choshuenco,Chile,357130
Carrán-Los Venados,Chile,357140
Puyehue-Cordon Caulle,Chile,357150
"Pantojo, Cerro",Chile-Argentina,357152
Antillanca Group,Chile,357153
Puntiagudo-Cordon Cenizos,Chile,357160
Osorno,Chile,358010
Tronador,Chile-Argentina,358011
Cayutue-La Vigueria,Chile,358012
Calbuco,Chile,358020
Yate,Chile,358022
Hornopiren,Chile,358023
Apagado,Chile,358024
Crater Basalt Volcanic Field,Argentina,358025
Huequi,Chile,358030
Michinmahuida,Chile,358040
Chaiten,Chile,358041
Yanteles,Chile,358049
Corcovado,Chile,358050
Palena Volcanic Group,Chile,358051
Melimoyu,Chile,358052
Puyuhuapi,Chile,358053
Mentolat,Chile,358054
Cay,Chile,358055
Maca,Chile,358056
"Hudson, Cerro",Chile,358057
Arenales,Chile,358059
Lautaro,Chile,358060
Viedma,Argentina,358061
Aguilera,Chile,358062
Reclus,Chile,358063
Meullin,Chile,358064
"Burney, Monte",Chile,358070
Pali-Aike Volcanic Field,Chile-Argentina,358080
Fueguino,Chile,358090
Saba,Netherlands,360010
"Quill, The",Netherlands,360020
Liamuiga,Saint Kitts and Nevis,360030
Nevis Peak,Saint Kitts and Nevis,360040
Soufriere Hills,United Kingdom,360050
Soufriere Guadeloupe,France,360060
"Diables, Morne aux",Dominica,360080
"Diablotins, Morne",Dominica,360090
"Trois Pitons, Morne",Dominica,360100
"Watt, Morne",Dominica,360101
"Plat Pays, Morne",Dominica,360110
Pelee,France,360120
Qualibou,Saint Lucia,360140
Soufriere St. Vincent,Saint Vincent and the Grenadines,360150
Kick 'em Jenny,Grenada,360160
St. Catherine,Grenada,360170
Snaefellsjokull,Iceland,370010
Helgrindur,Iceland,370020
Ljosufjoll,Iceland,370030
Reykjanes,Iceland,371020
Krysuvik,Iceland,371030
Brennisteinsfjoll,Iceland,371040
Hengill,Iceland,371050
Hromundartindur,Iceland,371051
Grimsnes,Iceland,371060
Prestahnukur,Iceland,371070
Langjokull,Iceland,371080
Hofsjokull,Iceland,371090
Vestmannaeyjar,Iceland,372010
Eyjafjallajokull,Iceland,372020
Katla,Iceland,372030
Tindfjallajokull,Iceland,372040
Torfajokull,Iceland,372050
Hekla,Iceland,372070
Grimsvotn,Iceland,373010
Bardarbunga,Iceland,373030
Tungnafellsjokull,Iceland,373040
Kverkfjoll,Iceland,373050
Askja,Iceland,373060
Fremrinamar,Iceland,373070
Krafla,Iceland,373080
Theistareykir,Iceland,373090
Tjornes Fracture Zone,Iceland,373100
Oraefajokull,Iceland,374010
Esjufjoll,Iceland,374020
Kolbeinsey Ridge,Iceland,375010
Jan Mayen,Norway,376010
East Gakkel Ridge at 85°E,Undersea Features,377020
Pico Fracture Zone,Undersea Features,381040
Flores,Portugal,382001
Corvo,Portugal,382002
Fayal,Portugal,382010
Pico,Portugal,382020
San Jorge,Portugal,382030
Graciosa,Portugal,382040
Terceira,Portugal,382050
Don Joao de Castro Bank,Portugal,382070
Sete Cidades,Portugal,382080
Picos Volcanic System,Portugal,382081
Agua de Pau,Portugal,382090
Furnas,Portugal,382100
Monaco Bank,Portugal,382110
Madeira,Portugal,382120
La Palma,Spain,383010
Hierro,Spain,383020
Tenerife,Spain,383030
Gran Canaria,Spain,383040
Fuerteventura,Spain,383050
Lanzarote,Spain,383060
Fogo,Cape Verde,384010
Brava,Cape Verde,384020
Romanche Fracture Zone,Undersea Features,385030
Ascension,United Kingdom,385050
Unnamed,Undersea Features,385052
Tristan da Cunha,United Kingdom,386010
Nightingale Island,United Kingdom,386011
Bouvet,Norway,386020
Buckle Island,Antarctica,390010
Young Island,Antarctica,390011
Sturge Island,Antarctica,390012
"Pleiades, The",Antarctica,390013
Melbourne,Antarctica,390015
Unnamed,Antarctica,390016
Morning,Antarctica,390017
Erebus,Antarctica,390020
Royal Society Range,Antarctica,390021
Berlin,Antarctica,390022
Andrus,Antarctica,390023
Waesche,Antarctica,390024
Siple,Antarctica,390025
Toney Mountain,Antarctica,390026
Takahe,Antarctica,390027
Hudson Mountains,Antarctica,390028
Peter I Island,Antarctica,390029
Deception Island,Antarctica,390030
Penguin Island,Antarctica,390031
Bridgeman Island,Antarctica,390040
Paulet,Antarctica,390041
Seal Nunataks Group,Antarctica,390050
Southern Thule,United Kingdom,390070
Bristol Island,United Kingdom,390080
Montagu Island,United Kingdom,390081
Saunders,United Kingdom,390090
Candlemas Island,United Kingdom,390100
Hodson,United Kingdom,390110
Leskov Island,United Kingdom,390120
Zavodovski,United Kingdom,390130
Protector Seamounts,United Kingdom,390140
James Ross Island,Antarctica,390829
Melville,Antarctica,390847
